date,Temperature,Humidity,Light,CO2,HumidityRatio,Occupancy
2015-02-05 00:00:00,21.245,25.245,0.0,456.5,0.00393817695145039,0
2015-02-05 00:01:00,21.245,25.245,0.0,458.5,0.00393817695145039,0
2015-02-05 00:02:00,21.26,25.26,0.0,459.666666666667,0.0039441826315888785,0
2015-02-05 00:03:00,21.245,25.245,0.0,464.0,0.00393817695145039,0
2015-02-05 00:04:00,21.245,25.2,0.0,465.0,0.0039311126614506794,0
2015-02-05 00:05:00,21.29,25.2,0.0,461.0,0.00394204788657305,0
2015-02-05 00:06:00,21.245,25.2,0.0,458.5,0.0039311126614506794,0
2015-02-05 00:07:00,21.29,25.2,0.0,459.0,0.00394204788657305,0
2015-02-05 00:08:00,21.29,25.2,0.0,451.0,0.00394204788657305,0
2015-02-05 00:09:00,21.29,25.2,0.0,456.0,0.00394204788657305,0
2015-02-05 00:10:00,21.29,25.2,0.0,463.0,0.00394204788657305,0
2015-02-05 00:11:00,21.29,25.2,0.0,461.666666666667,0.00394204788657305,0
2015-02-05 00:12:00,21.29,25.2,0.0,458.0,0.00394204788657305,0
2015-02-05 00:13:00,21.29,25.2,0.0,450.0,0.00394204788657305,0
2015-02-05 00:14:00,21.29,25.2,0.0,457.0,0.00394204788657305,0
2015-02-05 00:15:00,21.29,25.2,0.0,456.0,0.00394204788657305,0
2015-02-05 00:16:00,21.29,25.2,0.0,456.0,0.00394204788657305,0
2015-02-05 00:17:00,21.29,25.2,0.0,461.0,0.00394204788657305,0
2015-02-05 00:18:00,21.29,25.2,0.0,463.0,0.00394204788657305,0
2015-02-05 00:19:00,21.29,25.2,0.0,460.0,0.00394204788657305,0
2015-02-05 00:20:00,21.29,25.2,0.0,456.0,0.00394204788657305,0
2015-02-05 00:21:00,21.29,25.2,0.0,454.5,0.00394204788657305,0
2015-02-05 00:22:00,21.29,25.2,0.0,448.5,0.00394204788657305,0
2015-02-05 00:23:00,21.29,25.2,0.0,453.5,0.00394204788657305,0
2015-02-05 00:24:00,21.29,25.2,0.0,454.0,0.00394204788657305,0
2015-02-05 00:25:00,21.29,25.2,0.0,454.0,0.00394204788657305,0
2015-02-05 00:26:00,21.29,25.245,0.0,450.5,0.00394913195137757,0
2015-02-05 00:27:00,21.29,25.245,0.0,453.0,0.00394913195137757,0
2015-02-05 00:28:00,21.2,25.2,0.0,457.0,0.00392020418856616,0
2015-02-05 00:29:00,21.2,25.2,0.0,452.5,0.00392020418856616,0
2015-02-05 00:30:00,21.2,25.2,0.0,449.0,0.00392020418856616,0
2015-02-05 00:31:00,21.2,25.2,0.0,458.666666666667,0.00392020418856616,0
2015-02-05 00:32:00,21.2,25.2,0.0,454.5,0.00392020418856616,0
2015-02-05 00:33:00,21.2,25.245,0.0,455.5,0.003927248752824021,0
2015-02-05 00:34:00,21.2,25.245,0.0,453.5,0.003927248752824021,0
2015-02-05 00:35:00,21.2,25.29,0.0,452.0,0.00393429347565304,0
2015-02-05 00:36:00,21.2,25.29,0.0,451.5,0.00393429347565304,0
2015-02-05 00:37:00,21.2,25.29,0.0,451.0,0.00393429347565304,0
2015-02-05 00:38:00,21.1666666666667,25.356666666666694,0.0,450.333333333333,0.0039366164945272295,0
2015-02-05 00:39:00,21.1666666666667,25.39,0.0,450.0,0.00394182428230707,0
2015-02-05 00:40:00,21.15,25.39,0.0,453.5,0.0039377674602206,0
2015-02-05 00:41:00,21.1,25.39,0.0,454.0,0.00392561907243717,0
2015-02-05 00:42:00,21.15,25.39,0.0,452.5,0.0039377674602206,0
2015-02-05 00:43:00,21.1,25.39,0.0,454.0,0.00392561907243717,0
2015-02-05 00:44:00,21.1,25.39,0.0,457.0,0.00392561907243717,0
2015-02-05 00:45:00,21.1,25.463333333333306,0.0,450.333333333333,0.00393702911172392,0
2015-02-05 00:46:00,21.1,25.5,0.0,451.0,0.00394273428736449,0
2015-02-05 00:47:00,21.1,25.5,0.0,451.0,0.00394273428736449,0
2015-02-05 00:48:00,21.05,25.445,0.0,449.0,0.00392203465655424,0
2015-02-05 00:49:00,21.1,25.5,0.0,449.0,0.00394273428736449,0
2015-02-05 00:50:00,21.05,25.445,0.0,450.0,0.00392203465655424,0
2015-02-05 00:51:00,21.05,25.445,0.0,449.0,0.00392203465655424,0
2015-02-05 00:52:00,21.1,25.5,0.0,445.0,0.00394273428736449,0
2015-02-05 00:53:00,21.0,25.39,0.0,443.0,0.00390142139093685,0
2015-02-05 00:54:00,21.1,25.5,0.0,446.5,0.00394273428736449,0
2015-02-05 00:55:00,21.1,25.5,0.0,446.0,0.00394273428736449,0
2015-02-05 00:56:00,21.1,25.5,0.0,451.5,0.00394273428736449,0
2015-02-05 00:57:00,21.1,25.39,0.0,445.0,0.00392561907243717,0
2015-02-05 00:58:00,21.1,25.39,0.0,449.0,0.00392561907243717,0
2015-02-05 00:59:00,21.1,25.39,0.0,451.666666666667,0.00392561907243717,0
2015-02-05 01:00:00,21.1,25.39,0.0,452.0,0.00392561907243717,0
2015-02-05 01:01:00,21.1,25.39,0.0,451.0,0.00392561907243717,0
2015-02-05 01:02:00,21.05,25.34,0.0,450.0,0.0039057485667059796,0
2015-02-05 01:03:00,21.1,25.39,0.0,450.0,0.00392561907243717,0
2015-02-05 01:04:00,21.1,25.39,0.0,448.0,0.00392561907243717,0
2015-02-05 01:05:00,21.1,25.39,0.0,450.666666666667,0.00392561907243717,0
2015-02-05 01:06:00,21.1,25.39,0.0,450.0,0.00392561907243717,0
2015-02-05 01:07:00,21.15,25.39,0.0,446.0,0.0039377674602206,0
2015-02-05 01:08:00,21.1,25.39,0.0,444.0,0.00392561907243717,0
2015-02-05 01:09:00,21.125,25.39,0.0,447.5,0.00393168912931672,0
2015-02-05 01:10:00,21.1333333333333,25.39,0.0,443.333333333333,0.0039337143198017715,0
2015-02-05 01:11:00,21.1,25.34,0.0,443.5,0.00391783973869481,0
2015-02-05 01:12:00,21.1,25.34,0.0,444.0,0.00391783973869481,0
2015-02-05 01:13:00,21.15,25.34,0.0,449.0,0.00392996390106742,0
2015-02-05 01:14:00,21.2,25.29,0.0,449.333333333333,0.00393429347565304,0
2015-02-05 01:15:00,21.15,25.29,0.0,448.0,0.0039221605364855895,0
2015-02-05 01:16:00,21.15,25.245,0.0,449.5,0.0039151376747144214,0
2015-02-05 01:17:00,21.2,25.245,0.0,450.0,0.003927248752824021,0
2015-02-05 01:18:00,21.2,25.2,0.0,447.0,0.00392020418856616,0
2015-02-05 01:19:00,21.2,25.2,0.0,446.0,0.00392020418856616,0
2015-02-05 01:20:00,21.1333333333333,25.2,0.0,443.0,0.0039040925417633296,0
2015-02-05 01:21:00,21.1666666666667,25.2,0.0,444.0,0.00391214105268426,0
2015-02-05 01:22:00,21.2,25.2,0.0,444.5,0.00392020418856616,0
2015-02-05 01:23:00,21.2,25.2,0.0,445.0,0.00392020418856616,0
2015-02-05 01:24:00,21.2,25.2,0.0,451.0,0.00392020418856616,0
2015-02-05 01:25:00,21.2,25.2,0.0,450.0,0.00392020418856616,0
2015-02-05 01:26:00,21.2,25.2,0.0,444.0,0.00392020418856616,0
2015-02-05 01:27:00,21.2,25.2,0.0,443.0,0.00392020418856616,0
2015-02-05 01:28:00,21.2,25.1,0.0,438.5,0.0039045501690233705,0
2015-02-05 01:29:00,21.2,25.1,0.0,441.0,0.0039045501690233705,0
2015-02-05 01:30:00,21.2,25.1,0.0,444.0,0.0039045501690233705,0
2015-02-05 01:31:00,21.2,25.15,0.0,441.5,0.003912377080918321,0
2015-02-05 01:32:00,21.2,25.1,0.0,441.0,0.0039045501690233705,0
2015-02-05 01:33:00,21.2,25.1,0.0,439.5,0.0039045501690233705,0
2015-02-05 01:34:00,21.2,25.1,0.0,441.0,0.0039045501690233705,0
2015-02-05 01:35:00,21.2,25.1,0.0,442.0,0.0039045501690233705,0
2015-02-05 01:36:00,21.2,25.1,0.0,441.0,0.0039045501690233705,0
2015-02-05 01:37:00,21.2,25.1,0.0,436.0,0.0039045501690233705,0
2015-02-05 01:38:00,21.2,25.1,0.0,442.5,0.0039045501690233705,0
2015-02-05 01:39:00,21.2,25.1,0.0,446.0,0.0039045501690233705,0
2015-02-05 01:40:00,21.2,25.1,0.0,443.0,0.0039045501690233705,0
2015-02-05 01:41:00,21.2,25.1,0.0,437.5,0.0039045501690233705,0
2015-02-05 01:42:00,21.2,25.1,0.0,440.5,0.0039045501690233705,0
2015-02-05 01:43:00,21.2,25.05,0.0,439.5,0.0038967234528739796,0
2015-02-05 01:44:00,21.2,25.0,0.0,443.0,0.0038888969324628094,0
2015-02-05 01:45:00,21.2,25.0,0.0,443.0,0.0038888969324628094,0
2015-02-05 01:46:00,21.2,25.0,0.0,438.5,0.0038888969324628094,0
2015-02-05 01:47:00,21.2,25.0,0.0,438.0,0.0038888969324628094,0
2015-02-05 01:48:00,21.2,25.0,0.0,442.333333333333,0.0038888969324628094,0
2015-02-05 01:49:00,21.2,25.0,0.0,448.0,0.0038888969324628094,0
2015-02-05 01:50:00,21.2,25.1,0.0,447.5,0.0039045501690233705,0
2015-02-05 01:51:00,21.125,25.1,0.0,445.75,0.0038865014883685297,0
2015-02-05 01:52:00,21.1,25.0,0.0,439.0,0.0038649453970209897,0
2015-02-05 01:53:00,21.1,25.1,0.0,440.0,0.0038805016282998,0
2015-02-05 01:54:00,21.1,25.1,0.0,441.5,0.0038805016282998,0
2015-02-05 01:55:00,21.1,25.0666666666667,0.0,439.0,0.00387531613195001,0
2015-02-05 01:56:00,21.1,25.0,0.0,439.0,0.0038649453970209897,0
2015-02-05 01:57:00,21.1,25.1,0.0,437.5,0.0038805016282998,0
2015-02-05 01:58:00,21.05,25.05,0.0,437.5,0.0038607723400945,0
2015-02-05 01:59:00,21.1,25.1,0.0,439.333333333333,0.0038805016282998,0
2015-02-05 02:00:00,21.1,25.1,0.0,443.0,0.0038805016282998,0
2015-02-05 02:01:00,21.0,25.0,0.0,440.5,0.0038411240057139,0
2015-02-05 02:02:00,21.0,25.0,0.0,442.333333333333,0.0038411240057139,0
2015-02-05 02:03:00,21.0,25.0,0.0,440.666666666667,0.0038411240057139,0
2015-02-05 02:04:00,21.0,25.0,0.0,440.0,0.0038411240057139,0
2015-02-05 02:05:00,21.0,25.0,0.0,439.0,0.0038411240057139,0
2015-02-05 02:06:00,21.0,25.0,0.0,442.0,0.0038411240057139,0
2015-02-05 02:07:00,21.0,25.0,0.0,443.5,0.0038411240057139,0
2015-02-05 02:08:00,21.0,25.0,0.0,445.0,0.0038411240057139,0
2015-02-05 02:09:00,21.0,25.0,0.0,445.0,0.0038411240057139,0
2015-02-05 02:10:00,21.0,25.05,0.0,442.5,0.00384885379046066,0
2015-02-05 02:11:00,21.0,25.1,0.0,440.0,0.00385658376615144,0
2015-02-05 02:12:00,21.0,25.0,0.0,439.5,0.0038411240057139,0
2015-02-05 02:13:00,21.0,25.0,0.0,438.5,0.0038411240057139,0
2015-02-05 02:14:00,21.0,25.0,0.0,435.0,0.0038411240057139,0
2015-02-05 02:15:00,21.0,25.0,0.0,439.5,0.0038411240057139,0
2015-02-05 02:16:00,21.0,25.0,0.0,440.5,0.0038411240057139,0
2015-02-05 02:17:00,21.0,25.0,0.0,439.5,0.0038411240057139,0
2015-02-05 02:18:00,21.0,25.0,0.0,441.0,0.0038411240057139,0
2015-02-05 02:19:00,21.0,25.0,0.0,442.0,0.0038411240057139,0
2015-02-05 02:20:00,21.0,25.0,0.0,445.0,0.0038411240057139,0
2015-02-05 02:21:00,21.0,25.0,0.0,444.0,0.0038411240057139,0
2015-02-05 02:22:00,21.0,25.0,0.0,445.0,0.0038411240057139,0
2015-02-05 02:23:00,21.0,24.89,0.0,444.0,0.00382411915135911,0
2015-02-05 02:24:00,21.0,24.89,0.0,443.0,0.00382411915135911,0
2015-02-05 02:25:00,21.0,24.89,0.0,448.0,0.00382411915135911,0
2015-02-05 02:26:00,21.05,24.945,0.0,443.0,0.0038444894380611203,0
2015-02-05 02:27:00,21.05,24.945,0.0,440.0,0.0038444894380611203,0
2015-02-05 02:28:00,21.0,24.89,0.0,440.0,0.00382411915135911,0
2015-02-05 02:29:00,21.033333333333303,24.926666666666694,0.0,441.0,0.00383768983818085,0
2015-02-05 02:30:00,21.05,24.945,0.0,440.5,0.0038444894380611203,0
2015-02-05 02:31:00,21.05,24.945,0.0,444.5,0.0038444894380611203,0
2015-02-05 02:32:00,21.1,25.0,0.0,446.0,0.0038649453970209897,0
2015-02-05 02:33:00,21.05,24.945,0.0,442.5,0.0038444894380611203,0
2015-02-05 02:34:00,21.0,24.89,0.0,439.0,0.00382411915135911,0
2015-02-05 02:35:00,21.1,24.89,0.0,441.0,0.00384783443575005,0
2015-02-05 02:36:00,21.1,24.89,0.0,438.333333333333,0.00384783443575005,0
2015-02-05 02:37:00,21.033333333333303,24.89,0.0,439.5,0.00383200988855104,0
2015-02-05 02:38:00,21.075,24.9725,0.0,440.75,0.0038547066897316397,0
2015-02-05 02:39:00,21.033333333333303,24.926666666666694,0.0,437.0,0.00383768983818085,0
2015-02-05 02:40:00,21.1,24.945,0.0,440.5,0.00385638979943178,0
2015-02-05 02:41:00,21.1,24.9175,0.0,442.25,0.0038521120883530796,0
2015-02-05 02:42:00,21.1,24.89,0.0,435.0,0.00384783443575005,0
2015-02-05 02:43:00,21.1,24.89,0.0,435.5,0.00384783443575005,0
2015-02-05 02:44:00,21.1,24.89,0.0,432.0,0.00384783443575005,0
2015-02-05 02:45:00,21.1,24.89,0.0,439.5,0.00384783443575005,0
2015-02-05 02:46:00,21.05,24.84,0.0,442.5,0.00382820738326409,0
2015-02-05 02:47:00,21.1,24.89,0.0,438.5,0.00384783443575005,0
2015-02-05 02:48:00,21.05,24.84,0.0,435.5,0.00382820738326409,0
2015-02-05 02:49:00,21.0666666666667,24.856666666666694,0.0,437.333333333333,0.0038347407576409297,0
2015-02-05 02:50:00,21.1,24.89,0.0,437.0,0.00384783443575005,0
2015-02-05 02:51:00,21.033333333333303,24.823333333333306,0.0,438.0,0.00382168297154121,0
2015-02-05 02:52:00,21.025,24.84,0.0,435.0,0.00382229465435571,0
2015-02-05 02:53:00,21.0,24.79,0.0,440.0,0.00380866099472654,0
2015-02-05 02:54:00,21.0,24.823333333333306,0.0,441.333333333333,0.00381381362875361,0
2015-02-05 02:55:00,21.0,24.856666666666694,0.0,435.0,0.0038189663476304297,0
2015-02-05 02:56:00,21.0,24.89,0.0,432.0,0.00382411915135911,0
2015-02-05 02:57:00,21.0,24.89,0.0,435.5,0.00382411915135911,0
2015-02-05 02:58:00,21.0,24.89,0.0,444.0,0.00382411915135911,0
2015-02-05 02:59:00,21.0,24.84,0.0,444.5,0.0038163899775856703,0
2015-02-05 03:00:00,21.0,24.89,0.0,446.0,0.00382411915135911,0
2015-02-05 03:01:00,21.0,24.89,0.0,445.0,0.00382411915135911,0
2015-02-05 03:02:00,21.0,24.89,0.0,438.333333333333,0.00382411915135911,0
2015-02-05 03:03:00,21.0,24.89,0.0,445.5,0.00382411915135911,0
2015-02-05 03:04:00,21.0,24.89,0.0,439.0,0.00382411915135911,0
2015-02-05 03:05:00,21.0,24.89,0.0,439.0,0.00382411915135911,0
2015-02-05 03:06:00,20.945,24.89,0.0,439.5,0.0038111307481562898,0
2015-02-05 03:07:00,20.963333333333303,24.89,0.0,443.333333333333,0.0038154558880034795,0
2015-02-05 03:08:00,20.89,24.89,0.0,443.5,0.0037981812511967204,0
2015-02-05 03:09:00,20.926666666666698,24.89,0.0,444.0,0.0038068099312231797,0
2015-02-05 03:10:00,21.0,24.89,0.0,447.5,0.00382411915135911,0
2015-02-05 03:11:00,20.89,24.89,0.0,445.5,0.0037981812511967204,0
2015-02-05 03:12:00,20.89,24.89,0.0,443.0,0.0037981812511967204,0
2015-02-05 03:13:00,20.89,24.89,0.0,438.0,0.0037981812511967204,0
2015-02-05 03:14:00,20.89,24.89,0.0,428.0,0.0037981812511967204,0
2015-02-05 03:15:00,20.89,24.89,0.0,431.0,0.0037981812511967204,0
2015-02-05 03:16:00,20.89,24.89,0.0,441.0,0.0037981812511967204,0
2015-02-05 03:17:00,20.89,24.89,0.0,446.0,0.0037981812511967204,0
2015-02-05 03:18:00,20.89,24.89,0.0,447.0,0.0037981812511967204,0
2015-02-05 03:19:00,20.89,24.89,0.0,439.0,0.0037981812511967204,0
2015-02-05 03:20:00,20.89,24.89,0.0,438.333333333333,0.0037981812511967204,0
2015-02-05 03:21:00,20.89,24.89,0.0,442.0,0.0037981812511967204,0
2015-02-05 03:22:00,20.926666666666698,24.79,0.0,443.333333333333,0.00379142216717855,0
2015-02-05 03:23:00,20.89,24.79,0.0,448.0,0.00378282857655485,0
2015-02-05 03:24:00,20.89,24.79,0.0,444.5,0.00378282857655485,0
2015-02-05 03:25:00,20.926666666666698,24.79,0.0,443.333333333333,0.00379142216717855,0
2015-02-05 03:26:00,20.945,24.79,0.0,445.0,0.0037957254127113,0
2015-02-05 03:27:00,21.0,24.7,0.0,445.0,0.00379474930666158,0
2015-02-05 03:28:00,21.0,24.7,0.0,443.5,0.00379474930666158,0
2015-02-05 03:29:00,21.0,24.7,0.0,439.0,0.00379474930666158,0
2015-02-05 03:30:00,21.0,24.7,0.0,441.5,0.00379474930666158,0
2015-02-05 03:31:00,21.0,24.6333333333333,0.0,441.333333333333,0.0037844447512991,0
2015-02-05 03:32:00,21.0,24.6,0.0,441.0,0.00377929260087562,0
2015-02-05 03:33:00,21.0,24.6,0.0,441.0,0.00377929260087562,0
2015-02-05 03:34:00,21.0,24.6,0.0,440.0,0.00377929260087562,0
2015-02-05 03:35:00,21.0,24.6,0.0,436.0,0.00377929260087562,0
2015-02-05 03:36:00,21.0,24.6,0.0,444.0,0.00377929260087562,0
2015-02-05 03:37:00,21.0,24.6,0.0,442.0,0.00377929260087562,0
2015-02-05 03:38:00,21.0,24.6,0.0,443.666666666667,0.00377929260087562,0
2015-02-05 03:39:00,21.0,24.6,0.0,439.5,0.00377929260087562,0
2015-02-05 03:40:00,21.0,24.5666666666667,0.0,439.333333333333,0.00377414053528786,0
2015-02-05 03:41:00,21.0,24.55,0.0,443.5,0.00377156453430672,0
2015-02-05 03:42:00,21.0,24.5,0.0,445.0,0.0037638366586111,0
2015-02-05 03:43:00,21.0,24.5,0.0,441.5,0.0037638366586111,0
2015-02-05 03:44:00,21.0,24.5,0.0,445.0,0.0037638366586111,0
2015-02-05 03:45:00,21.0,24.5,0.0,444.5,0.0037638366586111,0
2015-02-05 03:46:00,21.0,24.5,0.0,443.666666666667,0.0037638366586111,0
2015-02-05 03:47:00,21.0,24.5,0.0,445.5,0.0037638366586111,0
2015-02-05 03:48:00,21.0,24.445,0.0,445.0,0.00375533621579613,0
2015-02-05 03:49:00,21.0,24.445,0.0,443.5,0.00375533621579613,0
2015-02-05 03:50:00,21.0,24.39,0.0,447.0,0.00374683600391986,0
2015-02-05 03:51:00,21.0,24.39,0.0,444.0,0.00374683600391986,0
2015-02-05 03:52:00,21.0,24.5,0.0,442.5,0.0037638366586111,0
2015-02-05 03:53:00,21.0,24.426666666666694,0.0,445.0,0.0037525027861779795,0
2015-02-05 03:54:00,21.0,24.5,0.0,444.0,0.0037638366586111,0
2015-02-05 03:55:00,21.0,24.39,0.0,440.0,0.00374683600391986,0
2015-02-05 03:56:00,21.0,24.39,0.0,445.5,0.00374683600391986,0
2015-02-05 03:57:00,21.0,24.39,0.0,444.5,0.00374683600391986,0
2015-02-05 03:58:00,21.0,24.39,0.0,442.5,0.00374683600391986,0
2015-02-05 03:59:00,21.0,24.39,0.0,444.0,0.00374683600391986,0
2015-02-05 04:00:00,21.0,24.39,0.0,442.0,0.00374683600391986,0
2015-02-05 04:01:00,21.0,24.356666666666694,0.0,442.666666666667,0.00374168447274892,0
2015-02-05 04:02:00,21.0,24.29,0.0,439.0,0.0037313816648662213,0
2015-02-05 04:03:00,20.89,24.39,0.0,440.0,0.00372142541017581,0
2015-02-05 04:04:00,20.945,24.39,0.0,440.0,0.00373411165472082,0
2015-02-05 04:05:00,21.0,24.39,0.0,444.0,0.00374683600391986,0
2015-02-05 04:06:00,20.89,24.39,0.0,439.5,0.00372142541017581,0
2015-02-05 04:07:00,20.89,24.39,0.0,440.0,0.00372142541017581,0
2015-02-05 04:08:00,20.89,24.39,0.0,440.0,0.00372142541017581,0
2015-02-05 04:09:00,20.89,24.29,0.0,442.0,0.00370607650135101,0
2015-02-05 04:10:00,20.89,24.34,0.0,445.0,0.0037137508616353,0
2015-02-05 04:11:00,20.856666666666698,24.356666666666694,0.0,447.0,0.0037086495016106094,0
2015-02-05 04:12:00,20.89,24.39,0.0,446.0,0.00372142541017581,0
2015-02-05 04:13:00,20.89,24.34,0.0,445.0,0.0037137508616353,0
2015-02-05 04:14:00,20.89,24.39,0.0,445.0,0.00372142541017581,0
2015-02-05 04:15:00,20.89,24.29,0.0,443.0,0.00370607650135101,0
2015-02-05 04:16:00,20.89,24.29,0.0,442.0,0.00370607650135101,0
2015-02-05 04:17:00,20.84,24.245,0.0,444.0,0.00368773895159239,0
2015-02-05 04:18:00,20.89,24.39,0.0,443.5,0.00372142541017581,0
2015-02-05 04:19:00,20.89,24.29,0.0,441.0,0.00370607650135101,0
2015-02-05 04:20:00,20.856666666666698,24.26,0.0,441.0,0.0036938432141027204,0
2015-02-05 04:21:00,20.89,24.29,0.0,444.0,0.00370607650135101,0
2015-02-05 04:22:00,20.89,24.29,0.0,445.5,0.00370607650135101,0
2015-02-05 04:23:00,20.89,24.29,0.0,441.0,0.00370607650135101,0
2015-02-05 04:24:00,20.89,24.29,0.0,445.333333333333,0.00370607650135101,0
2015-02-05 04:25:00,20.89,24.2,0.0,442.0,0.00369226312722283,0
2015-02-05 04:26:00,20.89,24.29,0.0,442.0,0.00370607650135101,0
2015-02-05 04:27:00,20.89,24.2,0.0,446.5,0.00369226312722283,0
2015-02-05 04:28:00,20.856666666666698,24.1666666666667,0.0,444.333333333333,0.00367954815311901,0
2015-02-05 04:29:00,20.89,24.2,0.0,445.5,0.00369226312722283,0
2015-02-05 04:30:00,20.89,24.2,0.0,441.5,0.00369226312722283,0
2015-02-05 04:31:00,20.865,24.175,0.0,447.25,0.00368272360450164,0
2015-02-05 04:32:00,20.89,24.2,0.0,448.0,0.00369226312722283,0
2015-02-05 04:33:00,20.89,24.175,0.0,447.25,0.00368842618709178,0
2015-02-05 04:34:00,20.89,24.2,0.0,439.0,0.00369226312722283,0
2015-02-05 04:35:00,20.89,24.15,0.0,440.0,0.0036845892940190797,0
2015-02-05 04:36:00,20.89,24.2,0.0,440.0,0.00369226312722283,0
2015-02-05 04:37:00,20.89,24.1,0.0,445.0,0.00367691564904522,0
2015-02-05 04:38:00,20.89,24.0,0.0,438.0,0.00366156892375949,0
2015-02-05 04:39:00,20.945,24.0,0.0,438.5,0.0036740499209487604,0
2015-02-05 04:40:00,21.0,24.0,0.0,440.0,0.0036865683981301797,0
2015-02-05 04:41:00,20.945,24.0,0.0,446.0,0.0036740499209487604,0
2015-02-05 04:42:00,20.945,24.0,0.0,447.0,0.0036740499209487604,0
2015-02-05 04:43:00,20.926666666666698,24.0,0.0,447.0,0.00366988542889002,0
2015-02-05 04:44:00,20.89,24.0,0.0,445.0,0.00366156892375949,0
2015-02-05 04:45:00,20.89,24.0,0.0,446.5,0.00366156892375949,0
2015-02-05 04:46:00,20.945,24.0,0.0,446.0,0.0036740499209487604,0
2015-02-05 04:47:00,20.89,23.89,0.0,453.0,0.0036446883954691705,0
2015-02-05 04:48:00,21.0,23.89,0.0,451.0,0.0036695719415469103,0
2015-02-05 04:49:00,21.0,23.84,0.0,448.5,0.0036618465847160797,0
2015-02-05 04:50:00,21.0,23.823333333333306,0.0,444.666666666667,0.0036592715081668,0
2015-02-05 04:51:00,21.0,23.79,0.0,447.0,0.0036541214186581695,0
2015-02-05 04:52:00,21.0,23.79,0.0,447.0,0.0036541214186581695,0
2015-02-05 04:53:00,21.0,23.79,0.0,445.0,0.0036541214186581695,0
2015-02-05 04:54:00,21.0,23.79,0.0,446.5,0.0036541214186581695,0
2015-02-05 04:55:00,21.0,23.79,0.0,446.5,0.0036541214186581695,0
2015-02-05 04:56:00,21.0,23.7675,0.0,442.25,0.0036506451561698797,0
2015-02-05 04:57:00,21.0,23.79,0.0,443.0,0.0036541214186581695,0
2015-02-05 04:58:00,21.0,23.79,0.0,443.0,0.0036541214186581695,0
2015-02-05 04:59:00,20.963333333333303,23.79,0.0,442.333333333333,0.00364584551634966,0
2015-02-05 05:00:00,20.89,23.79,0.0,444.5,0.00362934325107605,0
2015-02-05 05:01:00,20.89,23.73,0.0,443.333333333333,0.0036201365257493897,0
2015-02-05 05:02:00,20.9175,23.7225,0.0,446.5,0.0036251485824131202,0
2015-02-05 05:03:00,20.89,23.7,0.0,449.0,0.00361553326469954,0
2015-02-05 05:04:00,20.89,23.7,0.0,449.5,0.00361553326469954,0
2015-02-05 05:05:00,20.89,23.6,0.0,448.5,0.0036001895504273397,0
2015-02-05 05:06:00,20.89,23.7,0.0,446.0,0.00361553326469954,0
2015-02-05 05:07:00,20.89,23.6,0.0,446.0,0.0036001895504273397,0
2015-02-05 05:08:00,20.89,23.6,0.0,444.0,0.0036001895504273397,0
2015-02-05 05:09:00,20.89,23.6,0.0,443.333333333333,0.0036001895504273397,0
2015-02-05 05:10:00,20.89,23.6333333333333,0.0,441.666666666667,0.00360530403822479,0
2015-02-05 05:11:00,20.89,23.6,0.0,449.5,0.0036001895504273397,0
2015-02-05 05:12:00,20.89,23.6,0.0,448.5,0.0036001895504273397,0
2015-02-05 05:13:00,20.89,23.6,0.0,450.0,0.0036001895504273397,0
2015-02-05 05:14:00,20.89,23.6,0.0,448.5,0.0036001895504273397,0
2015-02-05 05:15:00,20.945,23.6,0.0,446.5,0.00361246011897543,0
2015-02-05 05:16:00,20.89,23.6,0.0,452.5,0.0036001895504273397,0
2015-02-05 05:17:00,20.89,23.6,0.0,451.0,0.0036001895504273397,0
2015-02-05 05:18:00,20.945,23.5,0.0,450.666666666667,0.0035970645630440203,0
2015-02-05 05:19:00,20.89,23.5,0.0,449.0,0.0035848465887700705,0
2015-02-05 05:20:00,20.945,23.5,0.0,449.0,0.0035970645630440203,0
2015-02-05 05:21:00,20.945,23.5,0.0,448.5,0.0035970645630440203,0
2015-02-05 05:22:00,20.89,23.5,0.0,452.0,0.0035848465887700705,0
2015-02-05 05:23:00,20.89,23.5,0.0,444.0,0.0035848465887700705,0
2015-02-05 05:24:00,20.89,23.5,0.0,443.5,0.0035848465887700705,0
2015-02-05 05:25:00,20.89,23.5,0.0,446.0,0.0035848465887700705,0
2015-02-05 05:26:00,20.89,23.5,0.0,449.0,0.0035848465887700705,0
2015-02-05 05:27:00,20.926666666666698,23.5,0.0,448.0,0.0035929878340860205,0
2015-02-05 05:28:00,20.89,23.5,0.0,448.0,0.0035848465887700705,0
2015-02-05 05:29:00,20.89,23.5,0.0,449.0,0.0035848465887700705,0
2015-02-05 05:30:00,20.945,23.5,0.0,443.0,0.0035970645630440203,0
2015-02-05 05:31:00,20.89,23.5,0.0,444.25,0.0035848465887700705,0
2015-02-05 05:32:00,20.89,23.5,0.0,445.333333333333,0.0035848465887700705,0
2015-02-05 05:33:00,20.89,23.5,0.0,444.5,0.0035848465887700705,0
2015-02-05 05:34:00,20.89,23.5,0.0,446.5,0.0035848465887700705,0
2015-02-05 05:35:00,20.89,23.445,0.0,446.0,0.0035764082806406102,0
2015-02-05 05:36:00,20.89,23.445,0.0,448.5,0.0035764082806406102,0
2015-02-05 05:37:00,20.89,23.39,0.0,450.0,0.00356797020015121,0
2015-02-05 05:38:00,20.89,23.445,0.0,450.5,0.0035764082806406102,0
2015-02-05 05:39:00,20.89,23.5,0.0,448.0,0.0035848465887700705,0
2015-02-05 05:40:00,20.89,23.5,0.0,448.333333333333,0.0035848465887700705,0
2015-02-05 05:41:00,20.89,23.445,0.0,446.5,0.0035764082806406102,0
2015-02-05 05:42:00,20.89,23.5,0.0,442.5,0.0035848465887700705,0
2015-02-05 05:43:00,20.89,23.5,0.0,440.5,0.0035848465887700705,0
2015-02-05 05:44:00,20.89,23.5,0.0,443.0,0.0035848465887700705,0
2015-02-05 05:45:00,20.89,23.5,0.0,453.0,0.0035848465887700705,0
2015-02-05 05:46:00,20.89,23.426666666666694,0.0,450.0,0.00357359556185126,0
2015-02-05 05:47:00,20.89,23.445,0.0,451.0,0.0035764082806406102,0
2015-02-05 05:48:00,20.89,23.39,0.0,452.333333333333,0.00356797020015121,0
2015-02-05 05:49:00,20.89,23.445,0.0,448.0,0.0035764082806406102,0
2015-02-05 05:50:00,20.89,23.39,0.0,448.0,0.00356797020015121,0
2015-02-05 05:51:00,20.84,23.395,0.0,446.5,0.0035577118429189797,0
2015-02-05 05:52:00,20.89,23.39,0.0,449.0,0.00356797020015121,0
2015-02-05 05:53:00,20.84,23.34,0.0,446.5,0.00354930018568549,0
2015-02-05 05:54:00,20.89,23.39,0.0,448.0,0.00356797020015121,0
2015-02-05 05:55:00,20.89,23.39,0.0,450.5,0.00356797020015121,0
2015-02-05 05:56:00,20.89,23.39,0.0,450.5,0.00356797020015121,0
2015-02-05 05:57:00,20.84,23.34,0.0,448.0,0.00354930018568549,0
2015-02-05 05:58:00,20.89,23.39,0.0,448.0,0.00356797020015121,0
2015-02-05 05:59:00,20.89,23.34,0.0,451.0,0.00356029941541926,0
2015-02-05 06:00:00,20.865,23.2925,0.0,450.0,0.00354752030852732,0
2015-02-05 06:01:00,20.89,23.34,0.0,448.5,0.00356029941541926,0
2015-02-05 06:02:00,20.856666666666698,23.26,0.0,449.5,0.0035407158314661297,0
2015-02-05 06:03:00,20.89,23.29,0.0,446.0,0.00355262881880505,0
2015-02-05 06:04:00,20.89,23.29,0.0,443.0,0.00355262881880505,0
2015-02-05 06:05:00,20.89,23.29,0.0,443.0,0.00355262881880505,0
2015-02-05 06:06:00,20.89,23.29,0.0,448.0,0.00355262881880505,0
2015-02-05 06:07:00,20.84,23.245,0.0,448.5,0.0035347714923683296,0
2015-02-05 06:08:00,20.89,23.29,0.0,448.5,0.00355262881880505,0
2015-02-05 06:09:00,20.89,23.29,0.0,448.0,0.00355262881880505,0
2015-02-05 06:10:00,20.89,23.29,0.0,450.5,0.00355262881880505,0
2015-02-05 06:11:00,20.89,23.2,0.0,451.0,0.0035388222189340897,0
2015-02-05 06:12:00,20.89,23.2,0.0,453.0,0.0035388222189340897,0
2015-02-05 06:13:00,20.89,23.2,0.0,449.0,0.0035388222189340897,0
2015-02-05 06:14:00,20.89,23.2,0.0,448.5,0.0035388222189340897,0
2015-02-05 06:15:00,20.89,23.2,0.0,448.5,0.0035388222189340897,0
2015-02-05 06:16:00,20.89,23.15,0.0,448.5,0.0035311521490127397,0
2015-02-05 06:17:00,20.89,23.15,0.0,453.5,0.0035311521490127397,0
2015-02-05 06:18:00,20.84,23.075,0.0,451.0,0.00350877446231773,0
2015-02-05 06:19:00,20.89,23.1,0.0,451.333333333333,0.0035234822671828397,0
2015-02-05 06:20:00,20.89,23.1,0.0,452.0,0.0035234822671828397,0
2015-02-05 06:21:00,20.89,23.1,0.0,452.5,0.0035234822671828397,0
2015-02-05 06:22:00,20.856666666666698,23.0666666666667,0.0,450.5,0.00351111984968993,0
2015-02-05 06:23:00,20.89,23.1,0.0,445.666666666667,0.0035234822671828397,0
2015-02-05 06:24:00,20.89,23.1,0.0,449.5,0.0035234822671828397,0
2015-02-05 06:25:00,20.89,23.1,0.0,450.0,0.0035234822671828397,0
2015-02-05 06:26:00,20.89,23.1,0.0,454.0,0.0035234822671828397,0
2015-02-05 06:27:00,20.89,23.1,0.0,452.0,0.0035234822671828397,0
2015-02-05 06:28:00,20.89,23.1,0.0,453.75,0.0035234822671828397,0
2015-02-05 06:29:00,20.89,23.1,0.0,448.5,0.0035234822671828397,0
2015-02-05 06:30:00,20.89,23.1,0.0,447.0,0.0035234822671828397,0
2015-02-05 06:31:00,20.89,23.1,0.0,447.75,0.0035234822671828397,0
2015-02-05 06:32:00,20.89,23.1,0.0,452.0,0.0035234822671828397,0
2015-02-05 06:33:00,20.89,23.0,0.0,454.0,0.00350814306776971,0
2015-02-05 06:34:00,20.84,23.05,0.0,455.0,0.0035049515519143303,0
2015-02-05 06:35:00,20.89,23.1,0.0,455.0,0.0035234822671828397,0
2015-02-05 06:36:00,20.856666666666698,23.0666666666667,0.0,449.0,0.00351111984968993,0
2015-02-05 06:37:00,20.89,23.0,0.0,449.0,0.00350814306776971,0
2015-02-05 06:38:00,20.89,23.0,0.0,452.0,0.00350814306776971,0
2015-02-05 06:39:00,20.89,23.0,0.0,449.0,0.00350814306776971,0
2015-02-05 06:40:00,20.79,22.89,0.0,450.0,0.0034697306094892,0
2015-02-05 06:41:00,20.79,22.89,0.0,452.0,0.0034697306094892,0
2015-02-05 06:42:00,20.84,22.945,0.0,449.0,0.00348889583848565,0
2015-02-05 06:43:00,20.79,22.89,0.0,448.333333333333,0.0034697306094892,0
2015-02-05 06:44:00,20.79,22.84,0.0,448.0,0.0034621092826005893,0
2015-02-05 06:45:00,20.79,22.84,0.0,449.5,0.0034621092826005893,0
2015-02-05 06:46:00,20.79,22.89,0.0,454.0,0.0034697306094892,0
2015-02-05 06:47:00,20.79,22.89,0.0,452.0,0.0034697306094892,0
2015-02-05 06:48:00,20.79,22.89,0.0,454.5,0.0034697306094892,0
2015-02-05 06:49:00,20.7,22.89,0.0,454.5,0.0034504446246964604,0
2015-02-05 06:50:00,20.745,22.84,0.0,454.0,0.0034524757751415607,0
2015-02-05 06:51:00,20.7,22.89,0.0,454.5,0.0034504446246964604,0
2015-02-05 06:52:00,20.745,22.84,0.0,454.0,0.0034524757751415607,0
2015-02-05 06:53:00,20.79,22.79,0.0,458.0,0.00345448814144093,0
2015-02-05 06:54:00,20.7,22.79,0.0,455.5,0.00343528734498098,0
2015-02-05 06:55:00,20.7,22.79,0.0,452.0,0.00343528734498098,0
2015-02-05 06:56:00,20.76,22.79,0.0,458.333333333333,0.0034480773968794697,0
2015-02-05 06:57:00,20.7,22.79,0.0,460.0,0.00343528734498098,0
2015-02-05 06:58:00,20.7,22.79,0.0,455.0,0.00343528734498098,0
2015-02-05 06:59:00,20.7,22.79,0.0,455.0,0.00343528734498098,0
2015-02-05 07:00:00,20.73,22.79,0.0,449.0,0.00344167713631347,0
2015-02-05 07:01:00,20.7,22.79,0.0,459.0,0.00343528734498098,0
2015-02-05 07:02:00,20.7,22.7,0.0,457.0,0.0034216464213478602,0
2015-02-05 07:03:00,20.73,22.7,0.0,454.0,0.0034280107008714893,0
2015-02-05 07:04:00,20.7,22.7,0.0,452.5,0.0034216464213478602,0
2015-02-05 07:05:00,20.7,22.7675,0.0,456.75,0.0034318770582882,0
2015-02-05 07:06:00,20.7,22.79,0.0,454.5,0.00343528734498098,0
2015-02-05 07:07:00,20.7,22.7,0.0,453.5,0.0034216464213478602,0
2015-02-05 07:08:00,20.7,22.7,0.0,458.0,0.0034216464213478602,0
2015-02-05 07:09:00,20.7,22.7,0.0,451.5,0.0034216464213478602,0
2015-02-05 07:10:00,20.7,22.7,0.0,451.0,0.0034216464213478602,0
2015-02-05 07:11:00,20.7,22.7,0.0,455.666666666667,0.0034216464213478602,0
2015-02-05 07:12:00,20.7,22.7,0.0,457.5,0.0034216464213478602,0
2015-02-05 07:13:00,20.7,22.7,0.0,452.0,0.0034216464213478602,0
2015-02-05 07:14:00,20.7,22.65,0.0,451.0,0.00341406838754699,0
2015-02-05 07:15:00,20.7,22.6333333333333,0.0,454.666666666667,0.00341154241708903,0
2015-02-05 07:16:00,20.7,22.6,0.0,454.666666666667,0.0034064905373851198,0
2015-02-05 07:17:00,20.7,22.6,0.0,454.5,0.0034064905373851198,0
2015-02-05 07:18:00,20.7,22.6,0.0,456.0,0.0034064905373851198,0
2015-02-05 07:19:00,20.7,22.5,0.0,455.0,0.00339133538795165,0
2015-02-05 07:20:00,20.7,22.5,0.0,451.5,0.00339133538795165,0
2015-02-05 07:21:00,20.7,22.5,0.0,455.0,0.00339133538795165,0
2015-02-05 07:22:00,20.7,22.5,0.0,454.5,0.00339133538795165,0
2015-02-05 07:23:00,20.7,22.5,0.0,451.666666666667,0.00339133538795165,0
2015-02-05 07:24:00,20.7,22.5,0.0,453.5,0.00339133538795165,0
2015-02-05 07:25:00,20.7,22.5,0.0,456.5,0.00339133538795165,0
2015-02-05 07:26:00,20.7,22.5,0.0,457.0,0.00339133538795165,0
2015-02-05 07:27:00,20.7,22.5,0.0,454.0,0.00339133538795165,0
2015-02-05 07:28:00,20.7,22.5,0.0,453.5,0.00339133538795165,0
2015-02-05 07:29:00,20.7,22.5,0.0,457.0,0.00339133538795165,0
2015-02-05 07:30:00,20.7,22.445,0.0,459.0,0.0033830003688369893,0
2015-02-05 07:31:00,20.7,22.5,0.0,459.0,0.00339133538795165,0
2015-02-05 07:32:00,20.7,22.39,0.0,454.75,0.00337466557189241,0
2015-02-05 07:33:00,20.7,22.39,0.0,457.0,0.00337466557189241,0
2015-02-05 07:34:00,20.7,22.39,0.0,458.0,0.00337466557189241,0
2015-02-05 07:35:00,20.7,22.39,0.0,449.0,0.00337466557189241,0
2015-02-05 07:36:00,20.7,22.39,0.0,451.0,0.00337466557189241,0
2015-02-05 07:37:00,20.7,22.39,0.0,457.5,0.00337466557189241,0
2015-02-05 07:38:00,20.7,22.39,356.0,457.0,0.00337466557189241,1
2015-02-05 07:39:00,20.7,22.4175,426.0,460.25,0.003378832942594001,0
2015-02-05 07:40:00,20.7,22.5,423.666666666667,465.333333333333,0.00339133538795165,0
2015-02-05 07:41:00,20.7,22.463333333333306,423.666666666667,472.666666666667,0.0033857786838558802,0
2015-02-05 07:42:00,20.7225,22.5,419.0,470.75,0.00339606511573662,1
2015-02-05 07:43:00,20.73,22.5,419.0,472.0,0.00339764298252023,1
2015-02-05 07:44:00,20.7225,22.525,419.0,470.5,0.0033998591468996,1
2015-02-05 07:45:00,20.7675,22.65,411.0,478.0,0.0034283707603882697,1
2015-02-05 07:46:00,20.79,22.79,411.0,492.0,0.00345448814144093,1
2015-02-05 07:47:00,20.815,22.8675,411.0,497.75,0.00347166969308452,1
2015-02-05 07:48:00,20.823333333333302,23.033333333333307,408.333333333333,499.0,0.0034987918481095893,1
2015-02-05 07:49:00,20.815,23.025,400.0,507.0,0.00349571521582248,1
2015-02-05 07:50:00,20.89,23.175,396.0,514.75,0.00353498716046155,1
2015-02-05 07:51:00,20.89,23.29,396.0,515.0,0.00355262881880505,1
2015-02-05 07:52:00,20.89,23.29,396.0,520.75,0.00355262881880505,1
2015-02-05 07:53:00,20.89,23.29,396.0,526.0,0.00355262881880505,1
2015-02-05 07:54:00,20.89,23.323333333333306,398.333333333333,527.0,0.0035577425289795603,1
2015-02-05 07:55:00,20.945,23.39,399.5,531.25,0.0035801303266757103,1
2015-02-05 07:56:00,20.963333333333303,23.463333333333306,413.0,536.0,0.0035954940794377397,1
2015-02-05 07:57:00,21.0,23.5,411.0,542.75,0.00360931921720166,1
2015-02-05 07:58:00,21.0,23.5,411.0,541.0,0.00360931921720166,1
2015-02-05 07:59:00,21.0,23.5666666666667,411.0,548.5,0.00361961800587205,1
2015-02-05 08:00:00,21.0,23.6,412.2,553.25,0.00362476752736239,1
2015-02-05 08:01:00,21.0,23.6,405.0,559.25,0.00362476752736239,1
2015-02-05 08:02:00,21.0,23.6,405.0,567.333333333333,0.00362476752736239,1
2015-02-05 08:03:00,21.0,23.7,405.0,569.0,0.0036402166004790796,1
2015-02-05 08:04:00,21.0,23.7,405.0,576.0,0.0036402166004790796,1
2015-02-05 08:05:00,21.025,23.7225,405.0,578.75,0.0036493286704895296,1
2015-02-05 08:06:00,21.025,23.7225,412.0,585.75,0.0036493286704895296,1
2015-02-05 08:07:00,21.05,23.745,419.0,590.0,0.00365845928385946,1
2015-02-05 08:08:00,21.025,23.7225,419.0,590.0,0.0036493286704895296,1
2015-02-05 08:09:00,21.1,23.76,419.0,587.666666666667,0.00367211235503663,1
2015-02-05 08:10:00,21.075,23.72,419.0,594.0,0.0036602355231557296,1
2015-02-05 08:11:00,21.033333333333303,23.6666666666667,419.0,602.333333333333,0.0036425651983171,1
2015-02-05 08:12:00,21.075,23.7675,419.0,611.0,0.003667608472387621,1
2015-02-05 08:13:00,21.1,23.79,419.0,611.333333333333,0.00367677626792028,1
2015-02-05 08:14:00,21.1,23.79,419.0,613.0,0.00367677626792028,1
2015-02-05 08:15:00,21.1,23.73,419.0,615.0,0.0036674485116838396,1
2015-02-05 08:16:00,21.15,23.7225,419.0,615.75,0.0036776236802925203,1
2015-02-05 08:17:00,21.2,23.745,419.0,620.5,0.00369251536345345,1
2015-02-05 08:18:00,21.2,23.79,419.0,630.666666666667,0.00369955480346118,1
2015-02-05 08:19:00,21.2,23.79,419.0,640.5,0.00369955480346118,1
2015-02-05 08:20:00,21.26,23.856666666666694,423.666666666667,641.0,0.0037237495532429898,1
2015-02-05 08:21:00,21.29,23.865,422.5,650.75,0.00373196021214811,1
2015-02-05 08:22:00,21.29,23.89,422.5,650.5,0.00373589314251898,0
2015-02-05 08:23:00,21.29,23.89,419.0,651.0,0.00373589314251898,1
2015-02-05 08:24:00,21.323333333333302,23.926666666666694,428.333333333333,654.666666666667,0.00374936387120372,1
2015-02-05 08:25:00,21.29,24.0,424.6,664.25,0.0037531986235084212,1
2015-02-05 08:26:00,21.34,24.0,426.0,675.4,0.0037647932275629696,1
2015-02-05 08:27:00,21.29,24.05,429.5,675.0,0.00376106506766724,1
2015-02-05 08:28:00,21.29,24.1,419.0,679.0,0.003768931709609221,1
2015-02-05 08:29:00,21.315,24.175,426.0,685.5,0.0037865681629285705,1
2015-02-05 08:30:00,21.29,24.2,419.0,689.333333333333,0.00378466558687248,1
2015-02-05 08:31:00,21.29,24.2,433.0,692.75,0.00378466558687248,1
2015-02-05 08:32:00,21.34,24.15,433.0,695.5,0.0037884665010815602,1
2015-02-05 08:33:00,21.323333333333302,24.1,433.0,693.333333333333,0.0037766905264209603,1
2015-02-05 08:34:00,21.29,24.1,433.0,694.25,0.003768931709609221,1
2015-02-05 08:35:00,21.34,24.2225,433.0,703.0,0.003799909225376721,1
2015-02-05 08:36:00,21.29,24.29,433.0,704.5,0.00379882675290265,1
2015-02-05 08:37:00,21.34,24.29,433.0,709.0,0.0038105631724511695,1
2015-02-05 08:38:00,21.34,24.29,433.0,721.5,0.0038105631724511695,1
2015-02-05 08:39:00,21.323333333333302,24.29,426.666666666667,727.0,0.0038066474867695602,1
2015-02-05 08:40:00,21.356666666666698,24.29,436.333333333333,733.0,0.00381448240765945,1
2015-02-05 08:41:00,21.365,24.29,429.0,736.25,0.0038164433572026213,1
2015-02-05 08:42:00,21.39,24.29,429.0,742.0,0.00382233153775034,1
2015-02-05 08:43:00,21.356666666666698,24.29,429.0,742.666666666667,0.00381448240765945,1
2015-02-05 08:44:00,21.323333333333302,24.29,434.0,737.0,0.0038066474867695602,1
2015-02-05 08:45:00,21.39,24.2675,444.0,739.25,0.00381876914698375,1
2015-02-05 08:46:00,21.323333333333302,24.29,444.0,752.0,0.0038066474867695602,1
2015-02-05 08:47:00,21.39,24.29,444.0,753.75,0.00382233153775034,1
2015-02-05 08:48:00,21.365,24.2225,441.75,746.25,0.0038057728697498397,1
2015-02-05 08:49:00,21.39,24.26,446.0,754.666666666667,0.00381758169240746,1
2015-02-05 08:50:00,21.39,24.26,439.0,755.333333333333,0.00381758169240746,1
2015-02-05 08:51:00,21.39,24.29,446.5,758.25,0.00382233153775034,1
2015-02-05 08:52:00,21.39,24.29,446.0,766.6,0.00382233153775034,1
2015-02-05 08:53:00,21.39,24.29,451.5,781.0,0.00382233153775034,1
2015-02-05 08:54:00,21.4175,24.315,455.25,785.5,0.003832782800254001,1
2015-02-05 08:55:00,21.39,24.29,447.333333333333,789.666666666667,0.00382233153775034,1
2015-02-05 08:56:00,21.445,24.34,444.0,787.5,0.0038432573484825897,1
2015-02-05 08:57:00,21.463333333333303,24.356666666666694,455.666666666667,787.666666666667,0.0038502533387705694,1
2015-02-05 08:58:00,21.5,24.39,454.0,782.5,0.0038642764773461694,1
2015-02-05 08:59:00,21.5,24.39,457.333333333333,782.333333333333,0.0038642764773461694,1
2015-02-05 09:00:00,21.5,24.39,454.0,786.0,0.0038642764773461694,1
2015-02-05 09:01:00,21.5,24.356666666666694,465.666666666667,786.666666666667,0.00385896248129404,1
2015-02-05 09:02:00,21.5,24.365,465.5,785.25,0.0038602909718471897,1
2015-02-05 09:03:00,21.5,24.29,469.666666666667,788.0,0.00384833475990096,1
2015-02-05 09:04:00,21.525,24.5425,478.5,791.25,0.00389458311119627,1
2015-02-05 09:05:00,21.55,24.5175,471.25,808.75,0.00389658701648499,1
2015-02-05 09:06:00,21.6,24.39,473.0,812.0,0.00388815002810914,1
2015-02-05 09:07:00,21.6,24.55,484.5,811.0,0.00391381704229398,1
2015-02-05 09:08:00,21.7,24.7,482.5,817.75,0.00396219418759181,1
2015-02-05 09:09:00,21.7,24.696666666666694,487.5,833.25,0.00396165607284392,1
2015-02-05 09:10:00,21.7675,24.865,490.0,847.75,0.0040054291415228295,1
2015-02-05 09:11:00,21.79,24.89,492.0,854.0,0.0040150338084687,1
2015-02-05 09:12:00,21.815,24.9175,497.25,863.5,0.00402568175706654,1
2015-02-05 09:13:00,21.84,25.0225,495.5,869.75,0.00404897389842617,1
2015-02-05 09:14:00,21.89,25.15,495.5,880.0,0.00408226578928212,1
2015-02-05 09:15:00,21.89,25.2,497.0,895.75,0.00409043499770933,1
2015-02-05 09:16:00,21.89,25.2,497.0,895.5,0.00409043499770933,1
2015-02-05 09:17:00,21.89,25.2925,495.5,910.75,0.00410554859532466,1
2015-02-05 09:18:00,21.9175,25.39,494.0,919.25,0.0041284502987186285,1
2015-02-05 09:19:00,21.963333333333306,25.393333333333306,498.666666666667,925.333333333333,0.00414063782090081,1
2015-02-05 09:20:00,22.0,25.4725,504.25,933.75,0.0041629967953386105,1
2015-02-05 09:21:00,22.0,25.5,506.0,936.0,0.0041675212615806395,1
2015-02-05 09:22:00,22.0,25.519,505.75,939.375,0.00417064729463238,1
2015-02-05 09:23:00,22.0,25.538,505.5,942.75,0.00417377335889663,1
2015-02-05 09:24:00,22.025,25.5975,518.5,948.25,0.00418998999194358,1
2015-02-05 09:25:00,22.05,25.7475,508.5,961.5,0.00422118332665464,1
2015-02-05 09:26:00,22.0666666666667,25.7933333333333,503.666666666667,969.333333333333,0.004233077134502001,1
2015-02-05 09:27:00,22.0666666666667,25.893333333333306,496.333333333333,973.666666666667,0.00424960077695266,1
2015-02-05 09:28:00,22.1,25.926666666666694,503.0,986.333333333333,0.00426382311660346,1
2015-02-05 09:29:00,22.1,25.945,506.0,994.5,0.00426685884543887,1
2015-02-05 09:30:00,22.1,26.075,489.5,1003.25,0.00428838576690821,1
2015-02-05 09:31:00,22.1,25.83,478.0,1006.66666666667,0.00424781703306446,1
2015-02-05 09:32:00,22.1,25.823333333333306,478.0,1009.0,0.00424671319539255,1
2015-02-05 09:33:00,22.1,25.8,483.25,998.75,0.00424284979418462,1
2015-02-05 09:34:00,22.1,25.8225,484.0,998.0,0.00424657521595717,1
2015-02-05 09:35:00,22.1,26.05,476.0,1008.0,0.00428424585938511,1
2015-02-05 09:36:00,22.1,26.1,486.5,1021.0,0.00429252572916348,1
2015-02-05 09:37:00,22.1,26.0725,476.25,1029.5,0.0042879717736929715,1
2015-02-05 09:38:00,22.1,25.745,469.0,1025.0,0.00423374339422388,1
2015-02-05 09:39:00,22.1,25.7933333333333,459.0,1015.0,0.00424174597402334,1
2015-02-05 09:40:00,22.1,25.945,459.0,1011.0,0.00426685884543887,1
2015-02-05 09:41:00,22.1,26.03,459.0,1011.66666666667,0.00428093397277306,1
2015-02-05 09:42:00,22.125,26.025,460.25,1025.0,0.00428667719736674,1
2015-02-05 09:43:00,22.1,26.1,446.5,1026.75,0.00429252572916348,1
2015-02-05 09:44:00,22.1,26.1,466.5,1035.0,0.00429252572916348,1
2015-02-05 09:45:00,22.1,26.175,450.25,1032.0,0.00430494594433316,1
2015-02-05 09:46:00,22.1,26.2,439.0,1025.66666666667,0.004309086125527961,1
2015-02-05 09:47:00,22.1,26.1975,450.25,1026.5,0.00430867210494531,1
2015-02-05 09:48:00,22.1,26.2,454.0,1024.0,0.004309086125527961,1
2015-02-05 09:49:00,22.075,26.2,450.25,1023.5,0.00430247908050949,1
2015-02-05 09:50:00,22.075,26.2225,454.0,1026.5,0.00430619953777207,1
2015-02-05 09:51:00,22.1,26.29,454.0,1031.33333333333,0.00432399123106433,1
2015-02-05 09:52:00,22.1,26.29,454.0,1027.0,0.00432399123106433,1
2015-02-05 09:53:00,22.1,26.29,457.75,1031.0,0.00432399123106433,1
2015-02-05 09:54:00,22.1,26.356666666666694,462.333333333333,1033.0,0.00433503250737302,1
2015-02-05 09:55:00,22.1,26.315,454.0,1037.0,0.004328131664061071,1
2015-02-05 09:56:00,22.1,26.39,456.5,1038.0,0.00434055329151115,1
2015-02-05 09:57:00,22.1,26.39,454.0,1034.5,0.00434055329151115,1
2015-02-05 09:58:00,22.1,26.39,461.5,1038.5,0.00434055329151115,1
2015-02-05 09:59:00,22.1,26.39,444.0,1037.0,0.00434055329151115,1
2015-02-05 10:00:00,22.1,26.5225,449.5,1037.5,0.004362499370826171,1
2015-02-05 10:01:00,22.125,26.4425,449.5,1032.75,0.00435592680689732,1
2015-02-05 10:02:00,22.1,26.47,449.5,1031.5,0.00435380357053742,1
2015-02-05 10:03:00,22.1,26.445,460.0,1039.25,0.00434966279811913,1
2015-02-05 10:04:00,22.1,26.5,453.0,1038.0,0.0043587725697085715,1
2015-02-05 10:05:00,22.1,26.445,449.5,1040.25,0.00434966279811913,1
2015-02-05 10:06:00,22.1,26.5,449.5,1036.75,0.0043587725697085715,1
2015-02-05 10:07:00,22.1,26.55,460.0,1045.5,0.00436705441019675,1
2015-02-05 10:08:00,22.1,26.5,453.0,1038.0,0.0043587725697085715,1
2015-02-05 10:09:00,22.1,26.5,454.75,1041.75,0.0043587725697085715,1
2015-02-05 10:10:00,22.1,26.6,449.5,1047.5,0.00437533646969611,1
2015-02-05 10:11:00,22.1,26.6,449.5,1045.5,0.00437533646969611,1
2015-02-05 10:12:00,22.1,26.575,449.5,1041.5,0.0043711954125694895,1
2015-02-05 10:13:00,22.15,26.6,449.5,1043.0,0.00438878240585666,1
2015-02-05 10:14:00,22.1,26.7,455.5,1049.0,0.00439190124576314,1
2015-02-05 10:15:00,22.1,26.6666666666667,454.0,1048.0,0.00438637955639434,1
2015-02-05 10:16:00,22.1,26.675,454.0,1047.0,0.00438775996961013,1
2015-02-05 10:17:00,22.1,26.625,469.0,1047.4,0.0043794775815777,1
2015-02-05 10:18:00,22.1,26.65,469.0,1050.0,0.00438361874821534,1
2015-02-05 10:19:00,22.1,26.625,464.0,1047.75,0.0043794775815777,1
2015-02-05 10:20:00,22.1,26.65,469.0,1047.0,0.00438361874821534,1
2015-02-05 10:21:00,22.1,26.64,469.0,1048.25,0.00438196227498949,1
2015-02-05 10:22:00,22.1,26.6333333333333,459.0,1044.0,0.00438085796437285,0
2015-02-05 10:23:00,22.1,26.6,459.0,1036.5,0.00437533646969611,0
2015-02-05 10:24:00,22.05,26.575,469.0,1039.0,0.00435779859957091,0
2015-02-05 10:25:00,22.05,26.55,469.0,1039.0,0.00435367037672952,0
2015-02-05 10:26:00,22.025,26.4425,469.0,1034.25,0.00432926861517939,1
2015-02-05 10:27:00,22.05,26.34,469.0,1024.5,0.00431899545312204,1
2015-02-05 10:28:00,22.0,26.29,469.0,1024.75,0.00429752476185875,1
2015-02-05 10:29:00,22.0,26.29,469.0,1024.0,0.00429752476185875,1
2015-02-05 10:30:00,22.0,26.23,469.0,1021.66666666667,0.00428764918406366,1
2015-02-05 10:31:00,22.0666666666667,26.26,464.0,1016.0,0.00431019492691724,1
2015-02-05 10:32:00,22.05,26.245,454.0,1009.0,0.004303310439360861,1
2015-02-05 10:33:00,22.075,26.2925,454.0,1006.25,0.0043177745763776105,1
2015-02-05 10:34:00,22.1,26.29,454.0,1007.5,0.00432399123106433,1
2015-02-05 10:35:00,22.1,26.245,461.5,1008.0,0.004316538589618071,1
2015-02-05 10:36:00,22.1,26.245,461.5,1002.5,0.004316538589618071,1
2015-02-05 10:37:00,22.1,26.245,464.0,999.0,0.004316538589618071,1
2015-02-05 10:38:00,22.1,26.245,459.0,1006.0,0.004316538589618071,1
2015-02-05 10:39:00,22.1,26.2,469.0,1003.0,0.004309086125527961,1
2015-02-05 10:40:00,22.08,26.216,461.5,1006.5,0.00430644624605718,1
2015-02-05 10:41:00,22.1,26.2,454.0,1014.0,0.004309086125527961,1
2015-02-05 10:42:00,22.0,26.1,454.0,1009.0,0.00426625316721653,1
2015-02-05 10:43:00,22.08,26.18,454.0,1009.6,0.00430049171628544,1
2015-02-05 10:44:00,22.025,26.125,454.0,1010.5,0.00427692884900219,1
2015-02-05 10:45:00,22.0,26.175,454.0,1012.5,0.00427859684467222,1
2015-02-05 10:46:00,22.033333333333307,26.23,454.0,1013.66666666667,0.004296435047830871,1
2015-02-05 10:47:00,22.075,26.2675,454.0,1023.25,0.0043136405849037605,1
2015-02-05 10:48:00,22.0,26.2,439.0,1025.0,0.004282711511955179,1
2015-02-05 10:49:00,22.075,26.29,444.25,1022.0,0.00431736117477444,1
2015-02-05 10:50:00,22.0666666666667,26.356666666666694,453.0,1024.0,0.00432617170149728,1
2015-02-05 10:51:00,22.05,26.34,450.25,1030.5,0.00431899545312204,1
2015-02-05 10:52:00,22.0666666666667,26.356666666666694,454.0,1032.0,0.00432617170149728,1
2015-02-05 10:53:00,22.075,26.3425,454.0,1033.0,0.004326042723046261,1
2015-02-05 10:54:00,22.025,26.34,469.0,1031.0,0.004312370569085729,1
2015-02-05 10:55:00,22.025,26.315,463.0,1039.0,0.0043082492327439215,1
2015-02-05 10:56:00,22.033333333333307,26.39,471.0,1044.33333333333,0.00432282495101358,1
2015-02-05 10:57:00,22.075,26.365,464.0,1039.5,0.0043297634602676,1
2015-02-05 10:58:00,22.075,26.365,464.0,1044.0,0.0043297634602676,1
2015-02-05 10:59:00,22.0666666666667,26.426666666666694,464.0,1044.66666666667,0.0043377415988366,1
2015-02-05 11:00:00,22.0666666666667,26.463333333333306,474.0,1051.0,0.0043438021918476,1
2015-02-05 11:01:00,22.1,26.5,479.0,1047.0,0.0043587725697085715,1
2015-02-05 11:02:00,22.1,26.5,465.25,1054.0,0.0043587725697085715,1
2015-02-05 11:03:00,22.1,26.5,469.0,1063.75,0.0043587725697085715,1
2015-02-05 11:04:00,22.1,26.5,464.0,1063.5,0.0043587725697085715,1
2015-02-05 11:05:00,22.1,26.525,466.75,1061.25,0.0043629134625768,1
2015-02-05 11:06:00,22.1,26.6,465.666666666667,1065.66666666667,0.00437533646969611,1
2015-02-05 11:07:00,22.1,26.6,464.0,1073.25,0.00437533646969611,1
2015-02-05 11:08:00,22.1,26.6,459.0,1083.66666666667,0.00437533646969611,1
2015-02-05 11:09:00,22.1,26.6,454.0,1082.0,0.00437533646969611,1
2015-02-05 11:10:00,22.1333333333333,26.6,454.0,1077.0,0.00438429638374513,1
2015-02-05 11:11:00,22.1,26.6,454.0,1077.33333333333,0.00437533646969611,1
2015-02-05 11:12:00,22.175,26.6,454.0,1079.5,0.00439551902924901,1
2015-02-05 11:13:00,22.175,26.6,450.25,1077.75,0.00439551902924901,1
2015-02-05 11:14:00,22.175,26.6,442.75,1067.75,0.00439551902924901,1
2015-02-05 11:15:00,22.175,26.6,439.0,1070.25,0.00439551902924901,1
2015-02-05 11:16:00,22.2,26.6,439.0,1070.33333333333,0.00440226477037821,1
2015-02-05 11:17:00,22.2,26.6,449.5,1075.5,0.00440226477037821,1
2015-02-05 11:18:00,22.2,26.6,454.75,1076.5,0.00440226477037821,1
2015-02-05 11:19:00,22.2,26.6,448.0,1068.0,0.00440226477037821,1
2015-02-05 11:20:00,22.2,26.6,444.0,1071.5,0.00440226477037821,1
2015-02-05 11:21:00,22.15,26.6,444.0,1075.75,0.00438878240585666,1
2015-02-05 11:22:00,22.15,26.6,444.0,1073.25,0.00438878240585666,1
2015-02-05 11:23:00,22.2,26.6,454.666666666667,1069.0,0.00440226477037821,1
2015-02-05 11:24:00,22.175,26.675,460.0,1062.5,0.004408000239593071,1
2015-02-05 11:25:00,22.2,26.7,460.0,1066.25,0.0044189322146931,1
2015-02-05 11:26:00,22.2,26.7633333333333,449.333333333333,1060.0,0.00442948872153361,1
2015-02-05 11:27:00,22.1666666666667,26.856666666666694,444.0,1077.0,0.0044359660260218,1
2015-02-05 11:28:00,22.2,26.79,444.0,1091.75,0.00443393367296408,1
2015-02-05 11:29:00,22.2,26.856666666666694,444.0,1097.33333333333,0.00444504632752026,1
2015-02-05 11:30:00,22.175,26.9175,440.25,1096.75,0.004448359557322121,1
2015-02-05 11:31:00,22.2,26.9175,444.0,1104.0,0.00445518696883703,1
2015-02-05 11:32:00,22.2,26.89,454.666666666667,1105.0,0.00445060280264975,1
2015-02-05 11:33:00,22.2,26.9725,449.5,1104.75,0.00446435550248734,1
2015-02-05 11:34:00,22.2,27.0,454.0,1108.66666666667,0.00446893986995333,1
2015-02-05 11:35:00,22.2,27.0,454.0,1116.25,0.00446893986995333,1
2015-02-05 11:36:00,22.2,27.0,454.0,1120.66666666667,0.00446893986995333,1
2015-02-05 11:37:00,22.2,27.025,457.75,1127.25,0.00447310753496422,1
2015-02-05 11:38:00,22.2,27.0,454.0,1134.25,0.00446893986995333,1
2015-02-05 11:39:00,22.2,27.0,454.0,1131.25,0.00446893986995333,1
2015-02-05 11:40:00,22.2,27.05,454.0,1131.0,0.00447727525542733,1
2015-02-05 11:41:00,22.2,27.0,454.0,1129.75,0.00446893986995333,1
2015-02-05 11:42:00,22.2,27.0666666666667,454.0,1137.33333333333,0.00448005376654341,1
2015-02-05 11:43:00,22.2,27.0,449.5,1136.5,0.00446893986995333,1
2015-02-05 11:44:00,22.2,27.075,460.0,1129.0,0.00448144303134378,1
2015-02-05 11:45:00,22.2,27.1,444.0,1126.5,0.00448561086271465,1
2015-02-05 11:46:00,22.2,27.075,444.0,1133.25,0.00448144303134378,1
2015-02-05 11:47:00,22.2,27.0666666666667,444.0,1139.0,0.00448005376654341,1
2015-02-05 11:48:00,22.2,27.1,444.0,1137.0,0.00448561086271465,1
2015-02-05 11:49:00,22.175,27.1,444.0,1136.75,0.0044787364943652,1
2015-02-05 11:50:00,22.2,27.1,444.0,1131.25,0.00448561086271465,1
2015-02-05 11:51:00,22.2,27.033333333333307,444.0,1132.33333333333,0.00447449676895718,1
2015-02-05 11:52:00,22.2,27.0,444.0,1127.5,0.00446893986995333,1
2015-02-05 11:53:00,22.2,27.025,444.0,1114.5,0.00447310753496422,1
2015-02-05 11:54:00,22.2,27.1,460.0,1121.25,0.00448561086271465,1
2015-02-05 11:55:00,22.2,27.1,460.0,1124.0,0.00448561086271465,1
2015-02-05 11:56:00,22.175,27.175,454.75,1127.25,0.00449122102125288,1
2015-02-05 11:57:00,22.175,27.125,460.0,1136.0,0.0044828979480412,1
2015-02-05 11:58:00,22.175,27.125,458.5,1127.75,0.0044828979480412,1
2015-02-05 11:59:00,22.2,27.1,461.5,1122.5,0.00448561086271465,1
2015-02-05 12:00:00,22.2,27.1,464.0,1118.0,0.00448561086271465,1
2015-02-05 12:01:00,22.2,27.1,465.666666666667,1110.0,0.00448561086271465,1
2015-02-05 12:02:00,22.2,27.075,481.5,1115.0,0.00448144303134378,1
2015-02-05 12:03:00,22.2,27.1,474.0,1119.75,0.00448561086271465,1
2015-02-05 12:04:00,22.2,27.0,486.5,1114.0,0.00446893986995333,1
2015-02-05 12:05:00,22.175,27.0,471.5,1104.75,0.00446209123250109,1
2015-02-05 12:06:00,22.2,27.0666666666667,474.0,1099.33333333333,0.00448005376654341,1
2015-02-05 12:07:00,22.2,27.0,481.5,1097.75,0.00446893986995333,1
2015-02-05 12:08:00,22.2,26.945,489.0,1093.5,0.00445977120211573,1
2015-02-05 12:09:00,22.2,27.0,504.0,1088.0,0.00446893986995333,1
2015-02-05 12:10:00,22.2,27.0,502.333333333333,1083.66666666667,0.00446893986995333,1
2015-02-05 12:11:00,22.2,27.0,524.0,1085.5,0.00446893986995333,1
2015-02-05 12:12:00,22.2,26.963333333333306,550.0,1086.5,0.004462827394908621,1
2015-02-05 12:13:00,22.2,26.84,554.2,1081.8,0.00444226812691885,1
2015-02-05 12:14:00,22.26,26.856666666666694,562.333333333333,1081.0,0.00446143218925086,1
2015-02-05 12:15:00,22.29,26.865,568.5,1063.25,0.00447104193180879,1
2015-02-05 12:16:00,22.315,26.865,606.5,1063.0,0.00447789834796233,1
2015-02-05 12:17:00,22.39,26.79,696.5,1078.0,0.0044858740057066105,1
2015-02-05 12:18:00,22.39,26.9725,657.25,1086.0,0.00451665477446917,1
2015-02-05 12:19:00,22.426666666666694,27.0,744.0,1098.33333333333,0.0045314585515658,1
2015-02-05 12:20:00,22.4725,26.89,708.75,1099.0,0.004525545460910999,1
2015-02-05 12:21:00,22.533333333333307,26.823333333333306,607.0,1092.33333333333,0.00453108315736118,1
2015-02-05 12:22:00,22.575,26.84,660.0,1093.5,0.00454549187725733,1
2015-02-05 12:23:00,22.6,26.79,688.5,1100.5,0.00454390539234429,1
2015-02-05 12:24:00,22.6,26.815,558.0,1102.0,0.00454817669810378,1
2015-02-05 12:25:00,22.6,26.856666666666694,661.333333333333,1105.0,0.0045552956704535295,1
2015-02-05 12:26:00,22.675,26.89,665.5,1111.25,0.0045819554386193,1
2015-02-05 12:27:00,22.6666666666667,26.963333333333306,647.666666666667,1108.33333333333,0.0045922034336642,1
2015-02-05 12:28:00,22.7,27.075,638.0,1124.25,0.00462076851459784,1
2015-02-05 12:29:00,22.7225,26.7475,558.0,1125.25,0.0045707458409672,1
2015-02-05 12:30:00,22.7,26.89,534.0,1106.0,0.0045889624577280606,1
2015-02-05 12:31:00,22.7,26.89,520.0,1110.33333333333,0.0045889624577280606,1
2015-02-05 12:32:00,22.7,26.9175,513.5,1117.5,0.0045936901807913785,1
2015-02-05 12:33:00,22.7,26.89,531.25,1120.0,0.0045889624577280606,0
2015-02-05 12:34:00,22.7,26.89,539.0,1113.66666666667,0.0045889624577280606,0
2015-02-05 12:35:00,22.7,26.89,545.75,1104.75,0.0045889624577280606,0
2015-02-05 12:36:00,22.675,26.865,604.75,1103.25,0.00457766418095273,0
2015-02-05 12:37:00,22.7,26.815,597.25,1102.75,0.0045760690301562285,0
2015-02-05 12:38:00,22.7,26.7,528.0,1090.0,0.00455630013842985,0
2015-02-05 12:39:00,22.7,26.7,521.0,1086.25,0.00455630013842985,0
2015-02-05 12:40:00,22.7,26.6666666666667,535.666666666667,1083.66666666667,0.0045505702580753106,0
2015-02-05 12:41:00,22.675,26.575,533.25,1078.5,0.0045278898872397715,0
2015-02-05 12:42:00,22.65,26.55,523.75,1064.75,0.0045166915529542394,0
2015-02-05 12:43:00,22.6666666666667,26.5666666666667,524.0,1053.0,0.00452415460102103,0
2015-02-05 12:44:00,22.65,26.55,521.0,1051.0,0.0045166915529542394,1
2015-02-05 12:45:00,22.625,26.4975,536.25,1041.0,0.00450081084146563,1
2015-02-05 12:46:00,22.6,26.39,548.333333333333,1039.0,0.004475572419521521,1
2015-02-05 12:47:00,22.625,26.4975,565.75,1037.5,0.00450081084146563,1
2015-02-05 12:48:00,22.625,26.525,584.5,1043.0,0.0045055157704014396,1
2015-02-05 12:49:00,22.6,26.5,535.0,1046.33333333333,0.0044943625011366105,1
2015-02-05 12:50:00,22.6,26.5,546.333333333333,1045.33333333333,0.0044943625011366105,1
2015-02-05 12:51:00,22.6,26.5,630.5,1035.75,0.0044943625011366105,1
2015-02-05 12:52:00,22.6333333333333,26.46,570.666666666667,1029.66666666667,0.004496685710366321,1
2015-02-05 12:53:00,22.65,26.495,630.0,1034.0,0.00450726713960598,1
2015-02-05 12:54:00,22.675,26.525,732.75,1038.5,0.004519308911711,1
2015-02-05 12:55:00,22.7225,26.4725,686.25,1027.0,0.00452341072022839,1
2015-02-05 12:56:00,22.76,26.39,635.5,1022.0,0.00451955375372939,0
2015-02-05 12:57:00,22.856666666666694,26.323333333333306,676.0,1024.75,0.00453474143569447,0
2015-02-05 12:58:00,22.89,26.245,567.25,1020.0,0.00453035584785524,0
2015-02-05 12:59:00,22.89,26.2,582.5,1015.5,0.0045225315646409215,0
2015-02-05 13:00:00,22.89,26.1,618.75,1007.0,0.00450514496825443,0
2015-02-05 13:01:00,22.89,26.175,579.25,997.5,0.004518184825074679,0
2015-02-05 13:02:00,22.89,26.1333333333333,590.333333333333,1002.0,0.00451094039316125,0
2015-02-05 13:03:00,22.89,26.1,584.5,1000.0,0.00450514496825443,0
2015-02-05 13:04:00,22.89,26.0,564.0,997.75,0.00448775933683034,0
2015-02-05 13:05:00,22.89,25.945,534.0,987.0,0.00447819765083321,1
2015-02-05 13:06:00,22.84,25.9175,496.5,983.0,0.0044597872717401215,1
2015-02-05 13:07:00,22.823333333333306,25.856666666666694,340.66666666666697,983.0,0.00444472014342114,1
2015-02-05 13:08:00,22.79,25.865,38.75,979.0,0.00443712353178304,0
2015-02-05 13:09:00,22.79,25.823333333333306,31.0,977.0,0.00442992473512061,0
2015-02-05 13:10:00,22.79,25.9725,26.75,961.5,0.00445569719129448,0
2015-02-05 13:11:00,22.745,26.0,22.0,963.25,0.00444820689603743,0
2015-02-05 13:12:00,22.7,26.0,13.0,974.0,0.0044359946549457,0
2015-02-05 13:13:00,22.7,26.075,31.0,965.25,0.00444888231831554,0
2015-02-05 13:14:00,22.6666666666667,26.0666666666667,32.6666666666667,962.333333333333,0.00443839981613283,0
2015-02-05 13:15:00,22.6,26.05,33.5,957.0,0.00441750111078464,0
2015-02-05 13:16:00,22.6,26.1,28.0,949.5,0.0044260403339240395,0
2015-02-05 13:17:00,22.5666666666667,26.1,31.0,950.333333333333,0.00441702679849529,0
2015-02-05 13:18:00,22.525,26.1,33.5,949.5,0.0044057826415875604,0
2015-02-05 13:19:00,22.5,26.1,31.0,948.75,0.0043990482685400106,0
2015-02-05 13:20:00,22.5,26.1,31.0,944.0,0.0043990482685400106,0
2015-02-05 13:21:00,22.4175,26.05,33.5,934.5,0.00436844545377996,0
2015-02-05 13:22:00,22.39,26.1,33.5,931.75,0.00436952473019479,0
2015-02-05 13:23:00,22.39,26.1,28.6666666666667,928.666666666667,0.00436952473019479,0
2015-02-05 13:24:00,22.39,26.1,46.0,930.5,0.00436952473019479,0
2015-02-05 13:25:00,22.39,26.1,53.0,923.25,0.00436952473019479,0
2015-02-05 13:26:00,22.39,26.1,71.5,921.0,0.00436952473019479,0
2015-02-05 13:27:00,22.34,26.1,103.0,916.5,0.00435616279533284,0
2015-02-05 13:28:00,22.323333333333306,26.1,91.6666666666667,912.333333333333,0.00435171683045639,0
2015-02-05 13:29:00,22.29,26.1,90.0,902.25,0.00434283690213977,0
2015-02-05 13:30:00,22.29,26.1,81.6666666666667,903.0,0.00434283690213977,0
2015-02-05 13:31:00,22.29,26.1,112.75,898.5,0.00434283690213977,0
2015-02-05 13:32:00,22.29,26.1666666666667,334.33333333333303,900.333333333333,0.00435400736653795,1
2015-02-05 13:33:00,22.29,26.15,472.25,893.75,0.00435121471308504,1
2015-02-05 13:34:00,22.29,26.1,503.5,892.5,0.00434283690213977,0
2015-02-05 13:35:00,22.2675,26.1725,567.5,883.5,0.0043489830279959,0
2015-02-05 13:36:00,22.29,26.29,569.25,879.25,0.00437467377609042,0
2015-02-05 13:37:00,22.29,26.26,490.666666666667,887.333333333333,0.00436964668608732,0
2015-02-05 13:38:00,22.29,26.2,487.333333333333,890.0,0.00435959274815248,0
2015-02-05 13:39:00,22.29,26.2,500.0,891.25,0.00435959274815248,0
2015-02-05 13:40:00,22.29,26.2,524.0,891.0,0.00435959274815248,0
2015-02-05 13:41:00,22.29,26.175,545.333333333333,881.0,0.00435540370260293,0
2015-02-05 13:42:00,22.315,26.1,520.6,866.25,0.0043494953487810606,0
2015-02-05 13:43:00,22.29,26.1,509.0,864.666666666667,0.00434283690213977,0
2015-02-05 13:44:00,22.34,26.1,476.5,870.0,0.00435616279533284,0
2015-02-05 13:45:00,22.315,26.1,471.5,862.0,0.0043494953487810606,0
2015-02-05 13:46:00,22.29,26.1,464.0,857.5,0.00434283690213977,0
2015-02-05 13:47:00,22.29,26.1,464.0,851.333333333333,0.00434283690213977,0
2015-02-05 13:48:00,22.29,26.1,459.0,846.75,0.00434283690213977,0
2015-02-05 13:49:00,22.29,26.1,459.0,844.666666666667,0.00434283690213977,0
2015-02-05 13:50:00,22.29,26.1,454.75,843.0,0.00434283690213977,0
2015-02-05 13:51:00,22.29,26.1,444.0,840.5,0.00434283690213977,0
2015-02-05 13:52:00,22.29,26.025,456.0,831.25,0.004330270605931229,0
2015-02-05 13:53:00,22.29,26.0,461.0,829.0,0.004326081952579721,0
2015-02-05 13:54:00,22.29,26.0,461.5,825.5,0.004326081952579721,0
2015-02-05 13:55:00,22.29,26.0,464.0,813.666666666667,0.004326081952579721,0
2015-02-05 13:56:00,22.29,26.0,476.5,819.0,0.004326081952579721,0
2015-02-05 13:57:00,22.29,26.0,489.0,819.5,0.004326081952579721,0
2015-02-05 13:58:00,22.29,25.945,489.0,810.0,0.00431686711240859,0
2015-02-05 13:59:00,22.29,25.945,484.0,809.5,0.00431686711240859,1
2015-02-05 14:00:00,22.29,25.963333333333306,454.0,801.0,0.00431993869567135,1
2015-02-05 14:01:00,22.2675,25.89,451.0,795.0,0.0043017164486566,0
2015-02-05 14:02:00,22.2675,25.89,449.5,785.0,0.0043017164486566,0
2015-02-05 14:03:00,22.2675,25.9175,449.5,795.0,0.00430631730667352,0
2015-02-05 14:04:00,22.29,25.926666666666694,453.0,795.25,0.00431379555927285,0
2015-02-05 14:05:00,22.245,25.89,451.75,797.5,0.00429578756746545,0
2015-02-05 14:06:00,22.29,25.89,459.0,797.0,0.00430765254338066,0
2015-02-05 14:07:00,22.2675,25.89,459.0,795.5,0.0043017164486566,0
2015-02-05 14:08:00,22.2675,25.865,464.0,784.5,0.00429753390911668,0
2015-02-05 14:09:00,22.29,25.89,454.0,775.5,0.00430765254338066,0
2015-02-05 14:10:00,22.23,25.823333333333306,454.0,777.333333333333,0.00428071145407884,0
2015-02-05 14:11:00,22.2225,25.8925,448.0,775.5,0.00429028298913779,0
2015-02-05 14:12:00,22.2,25.96,453.0,780.0,0.0042956141263568,1
2015-02-05 14:13:00,22.2225,25.99,444.0,781.5,0.00430655020161292,1
2015-02-05 14:14:00,22.2,26.1225,444.0,776.75,0.004322689951434261,1
2015-02-05 14:15:00,22.2,26.05,444.0,782.0,0.0043106096787041,1
2015-02-05 14:16:00,22.2,26.213,441.9,788.6,0.00433777011822515,1
2015-02-05 14:17:00,22.2,26.376,439.8,795.2,0.00436493291351491,1
2015-02-05 14:18:00,22.2,26.6,442.5,818.5,0.00440226477037821,1
2015-02-05 14:19:00,22.2,26.6666666666667,447.0,828.333333333333,0.00441337630136881,1
2015-02-05 14:20:00,22.2,26.745,443.5,837.0,0.0044264328540160715,1
2015-02-05 14:21:00,22.2,26.823333333333306,441.0,832.666666666667,0.00443948995095924,1
2015-02-05 14:22:00,22.2,26.945,438.0,847.5,0.00445977120211573,1
2015-02-05 14:23:00,22.2,27.0,438.0,849.0,0.00446893986995333,1
2015-02-05 14:24:00,22.2,26.9175,438.0,850.0,0.00445518696883703,1
2015-02-05 14:25:00,22.2,26.9175,447.0,842.5,0.00445518696883703,1
2015-02-05 14:26:00,22.2,27.1,441.0,839.0,0.00448561086271465,1
2015-02-05 14:27:00,22.245,27.125,438.0,847.75,0.00450218767112889,1
2015-02-05 14:28:00,22.2,27.196666666666694,441.0,860.0,0.00450172699913369,1
2015-02-05 14:29:00,22.2,27.4175,438.0,885.75,0.00453854714585518,1
2015-02-05 14:30:00,22.2,27.5,429.0,910.0,0.00455230370735505,1
2015-02-05 14:31:00,22.2675,27.4225,429.0,917.25,0.00455821283752403,1
2015-02-05 14:32:00,22.2,26.8975,438.0,919.75,0.00445185302313812,1
2015-02-05 14:33:00,22.23,27.73,441.0,932.0,0.00459911494453659,1
2015-02-05 14:34:00,22.2,27.745,438.0,942.0,0.00459316008733686,1
2015-02-05 14:35:00,22.2675,28.025,429.0,959.75,0.00465911153966592,1
2015-02-05 14:36:00,22.2,28.0,444.0,966.5,0.00463568973405886,1
2015-02-05 14:37:00,22.2,28.1,451.0,970.666666666667,0.00465236960289551,1
2015-02-05 14:38:00,22.245,28.2225,454.0,988.75,0.0046857222045098,1
2015-02-05 14:39:00,22.2225,28.2225,465.25,996.75,0.00467925899457382,1
2015-02-05 14:40:00,22.2225,28.3675,474.5,1012.0,0.00470348162634113,1
2015-02-05 14:41:00,22.29,28.39,479.0,1021.0,0.00472677070962879,1
2015-02-05 14:42:00,22.245,28.245,525.5,1019.5,0.00468948599636347,1
2015-02-05 14:43:00,22.29,28.39,515.0,1020.0,0.00472677070962879,1
2015-02-05 14:44:00,22.29,28.5,494.0,1037.0,0.00474522479295852,1
2015-02-05 14:45:00,22.29,28.426666666666694,487.333333333333,1047.0,0.00473292194998911,1
2015-02-05 14:46:00,22.315,28.39,474.5,1051.0,0.00473402225350664,1
2015-02-05 14:47:00,22.323333333333306,28.39,486.0,1052.33333333333,0.004736441615394061,1
2015-02-05 14:48:00,22.29,28.356666666666694,502.333333333333,1048.33333333333,0.00472117877771628,1
2015-02-05 14:49:00,22.29,28.34,540.5,1050.5,0.00471838284918011,1
2015-02-05 14:50:00,22.34,28.39,504.0,1052.25,0.00474128361261468,1
2015-02-05 14:51:00,22.39,28.2,489.0,1053.0,0.004723765683591071,1
2015-02-05 14:52:00,22.39,28.2,490.25,1051.0,0.004723765683591071,1
2015-02-05 14:53:00,22.39,28.2933333333333,536.333333333333,1049.66666666667,0.00473951902591521,1
2015-02-05 14:54:00,22.39,28.39,532.0,1054.0,0.00475583582251364,1
2015-02-05 14:55:00,22.39,28.2925,543.0,1067.75,0.0047393783675691,1
2015-02-05 14:56:00,22.426666666666694,28.2,543.0,1066.33333333333,0.0047343896633629,1
2015-02-05 14:57:00,22.445,28.245,543.0,1066.5,0.004747330647782239,1
2015-02-05 14:58:00,22.5,28.365,533.25,1081.0,0.004783740807801739,1
2015-02-05 14:59:00,22.463333333333306,28.3266666666667,527.0,1081.33333333333,0.00476651144434147,1
2015-02-05 15:00:00,22.5,28.3175,534.0,1084.5,0.00477566845366135,1
2015-02-05 15:01:00,22.55,28.3175,530.0,1082.5,0.0047903090040007,1
2015-02-05 15:02:00,22.5,28.34,524.0,1087.5,0.00477949217444028,1
2015-02-05 15:03:00,22.525,28.39,526.25,1094.0,0.0047953238486071,1
2015-02-05 15:04:00,22.5,28.39,522.0,1103.33333333333,0.00478798949876243,1
2015-02-05 15:05:00,22.5,28.033333333333307,517.0,1099.33333333333,0.00472738029153847,1
2015-02-05 15:06:00,22.525,28.025,513.5,1085.0,0.00473320294951395,1
2015-02-05 15:07:00,22.575,28.22,524.0,1086.25,0.0047809983771891105,1
2015-02-05 15:08:00,22.6,28.2,513.5,1103.0,0.0047848980542252,1
2015-02-05 15:09:00,22.6,28.245,513.5,1106.75,0.00479259236219434,1
2015-02-05 15:10:00,22.5,28.29,513.5,1104.0,0.00477099508051037,1
2015-02-05 15:11:00,22.6,28.315,518.0,1102.25,0.004804561661193071,1
2015-02-05 15:12:00,22.55,28.2675,520.75,1097.5,0.00478178576617497,1
2015-02-05 15:13:00,22.6,28.29,525.0,1100.0,0.0048002868590739,1
2015-02-05 15:14:00,22.6,28.245,524.833333333333,1101.0,0.00479259236219434,1
2015-02-05 15:15:00,22.6,28.2,524.666666666667,1102.0,0.0047848980542252,1
2015-02-05 15:16:00,22.6,28.39,489.0,1102.5,0.00481738641740953,1
2015-02-05 15:17:00,22.6,28.39,474.0,1114.0,0.00481738641740953,1
2015-02-05 15:18:00,22.6,28.34,474.0,1112.0,0.0048088365216212795,1
2015-02-05 15:19:00,22.6,28.1725,472.75,1113.5,0.00478019607012754,1
2015-02-05 15:20:00,22.6,28.1475,471.5,1105.25,0.00477592160034705,1
2015-02-05 15:21:00,22.6,28.23,464.0,1104.33333333333,0.0047900275718815895,1
2015-02-05 15:22:00,22.6,28.1333333333333,469.0,1107.33333333333,0.00477349942668403,1
2015-02-05 15:23:00,22.575,28.0,465.25,1108.25,0.00474344200093282,1
2015-02-05 15:24:00,22.6,28.0,454.0,1101.66666666667,0.00475070341532009,1
2015-02-05 15:25:00,22.55,27.82,450.25,1097.0,0.00470551310764671,1
2015-02-05 15:26:00,22.525,27.815,449.5,1092.25,0.00469746773815421,1
2015-02-05 15:27:00,22.5,27.815,454.75,1102.75,0.00469028417719752,1
2015-02-05 15:28:00,22.5,27.745,449.5,1097.0,0.00467839169614977,1
2015-02-05 15:29:00,22.525,27.7,454.75,1086.33333333333,0.004677900182531079,1
2015-02-05 15:30:00,22.55,27.7,454.75,1092.0,0.00468506326046972,1
2015-02-05 15:31:00,22.5,27.6,460.0,1085.0,0.00465375870689364,1
2015-02-05 15:32:00,22.5,27.7,460.0,1084.0,0.00467074676810413,1
2015-02-05 15:33:00,22.5,27.6,436.5,1076.25,0.00465375870689364,1
2015-02-05 15:34:00,22.5,27.33,460.0,1060.66666666667,0.0046078955418804,1
2015-02-05 15:35:00,22.55,27.445,449.5,1051.5,0.00464161176615444,1
2015-02-05 15:36:00,22.5,27.4725,460.75,1062.0,0.00463210026459905,1
2015-02-05 15:37:00,22.5,27.39,461.0,1068.33333333333,0.00461808677616419,1
2015-02-05 15:38:00,22.5,27.34,454.0,1074.0,0.00460959405790695,1
2015-02-05 15:39:00,22.5,27.29,469.0,1072.0,0.00460110156985465,1
2015-02-05 15:40:00,22.5,27.315,469.0,1068.0,0.00460534778510577,1
2015-02-05 15:41:00,22.5,27.29,479.666666666667,1072.0,0.00460110156985465,1
2015-02-05 15:42:00,22.5,27.2225,476.75,1072.75,0.00458963707613002,1
2015-02-05 15:43:00,22.5,27.2225,476.5,1074.0,0.00458963707613002,1
2015-02-05 15:44:00,22.5,27.2,474.0,1069.0,0.0045858156714470395,1
2015-02-05 15:45:00,22.5,27.15,481.5,1068.25,0.00457732382791874,1
2015-02-05 15:46:00,22.5,27.2225,474.0,1079.75,0.00458963707613002,1
2015-02-05 15:47:00,22.4725,27.1975,479.0,1085.0,0.00457767810882964,1
2015-02-05 15:48:00,22.5,27.1666666666667,469.0,1066.0,0.0045801544168533395,1
2015-02-05 15:49:00,22.5,27.125,474.0,1063.5,0.00457307799246869,1
2015-02-05 15:50:00,22.5,27.15,469.0,1065.5,0.00457732382791874,1
2015-02-05 15:51:00,22.5,27.125,474.0,1071.25,0.00457307799246869,1
2015-02-05 15:52:00,22.5,27.0666666666667,479.0,1068.0,0.00456317126685443,1
2015-02-05 15:53:00,22.5,27.1,478.5,1064.75,0.00456883221455981,1
2015-02-05 15:54:00,22.5,27.1,478.5,1070.75,0.00456883221455981,1
2015-02-05 15:55:00,22.5,27.1,477.0,1072.33333333333,0.00456883221455981,1
2015-02-05 15:56:00,22.5,27.025,470.25,1079.25,0.00455609522606849,1
2015-02-05 15:57:00,22.5,27.0,469.0,1063.5,0.0045518496783126,1
2015-02-05 15:58:00,22.5,27.0,460.666666666667,1074.33333333333,0.0045518496783126,1
2015-02-05 15:59:00,22.5,26.9725,465.25,1068.75,0.004547179642234361,1
2015-02-05 16:00:00,22.5,26.733333333333306,452.333333333333,1064.0,0.0045065674153242285,1
2015-02-05 16:01:00,22.5,26.925,446.5,1048.5,0.00453911338025217,1
2015-02-05 16:02:00,22.5,26.9725,449.5,1054.5,0.004547179642234361,1
2015-02-05 16:03:00,22.5,27.05,460.0,1055.5,0.00456034083136088,1
2015-02-05 16:04:00,22.445,26.9,456.0,1064.0,0.00451962464445108,1
2015-02-05 16:05:00,22.4175,26.82,456.0,1063.25,0.00449850420165594,1
2015-02-05 16:06:00,22.39,26.696666666666694,444.0,1078.0,0.004470133411575239,1
2015-02-05 16:07:00,22.39,26.963333333333306,444.0,1067.33333333333,0.00451510863631191,1
2015-02-05 16:08:00,22.39,27.0225,454.75,1074.75,0.004525088389663761,1
2015-02-05 16:09:00,22.39,26.823333333333306,453.0,1077.33333333333,0.00449149583816393,1
2015-02-05 16:10:00,22.39,26.84,449.5,1072.75,0.0044943067922288,1
2015-02-05 16:11:00,22.39,26.745,449.5,1074.25,0.00447828469193235,1
2015-02-05 16:12:00,22.39,26.79,456.0,1074.0,0.0044858740057066105,1
2015-02-05 16:13:00,22.356666666666694,26.73,449.333333333333,1068.33333333333,0.00446662478682213,1
2015-02-05 16:14:00,22.39,26.5725,444.0,1062.75,0.00444919402578691,1
2015-02-05 16:15:00,22.39,26.675,444.0,1056.5,0.00446647945820187,1
2015-02-05 16:16:00,22.39,26.695,444.0,1054.0,0.00446985233672554,1
2015-02-05 16:17:00,22.39,26.745,444.0,1068.0,0.00447828469193235,1
2015-02-05 16:18:00,22.39,26.79,444.0,1074.0,0.0044858740057066105,1
2015-02-05 16:19:00,22.4175,26.65,444.0,1078.75,0.00446978528697734,1
2015-02-05 16:20:00,22.4725,26.745,429.0,1077.5,0.00450096559598787,1
2015-02-05 16:21:00,22.445,26.695,429.0,1077.5,0.00448493305524509,1
2015-02-05 16:22:00,22.445,26.745,429.0,1083.25,0.00449339406421304,1
2015-02-05 16:23:00,22.426666666666694,26.696666666666694,429.0,1088.0,0.00448018288220535,1
2015-02-05 16:24:00,22.39,26.79,438.0,1086.0,0.0044858740057066105,1
2015-02-05 16:25:00,22.426666666666694,26.73,441.0,1087.66666666667,0.00448581716067179,1
2015-02-05 16:26:00,22.39,26.5475,438.0,1075.0,0.0044449782113592,1
2015-02-05 16:27:00,22.39,26.4175,438.0,1067.75,0.00442305689098935,1
2015-02-05 16:28:00,22.39,26.533333333333307,441.0,1064.0,0.00444258927503736,1
2015-02-05 16:29:00,22.39,26.456,438.0,1063.25,0.00442954881442905,1
2015-02-05 16:30:00,22.39,26.26,432.75,1065.5,0.00439650042347941,1
2015-02-05 16:31:00,22.39,26.426666666666694,444.0,1068.66666666667,0.0044246025748417295,1
2015-02-05 16:32:00,22.39,26.4175,444.0,1073.25,0.00442305689098935,1
2015-02-05 16:33:00,22.39,26.34,444.0,1061.5,0.0044099891414568606,1
2015-02-05 16:34:00,22.39,26.323333333333306,444.0,1060.33333333333,0.00440717894397208,1
2015-02-05 16:35:00,22.39,26.463333333333306,444.0,1057.33333333333,0.00443078538653073,1
2015-02-05 16:36:00,22.39,26.015,444.0,1056.25,0.0043551948381356,1
2015-02-05 16:37:00,22.39,26.045,429.0,1046.0,0.0043602523722281895,1
2015-02-05 16:38:00,22.39,26.29,435.0,1049.66666666667,0.00440155862464441,1
2015-02-05 16:39:00,22.39,26.2675,438.0,1052.75,0.0043977649661122,1
2015-02-05 16:40:00,22.39,26.29,438.0,1044.5,0.00440155862464441,1
2015-02-05 16:41:00,22.39,26.323333333333306,441.0,1053.66666666667,0.00440717894397208,1
2015-02-05 16:42:00,22.356666666666694,26.323333333333306,441.0,1059.0,0.00439818964083385,1
2015-02-05 16:43:00,22.39,26.34,438.0,1067.25,0.0044099891414568606,1
2015-02-05 16:44:00,22.365,26.29,438.0,1067.25,0.00439482379023074,1
2015-02-05 16:45:00,22.323333333333306,26.39,441.0,1065.33333333333,0.00440041131442427,1
2015-02-05 16:46:00,22.34,26.39,438.0,1068.75,0.0044049073782613,1
2015-02-05 16:47:00,22.34,26.39,447.0,1074.75,0.0044049073782613,1
2015-02-05 16:48:00,22.323333333333306,26.463333333333306,447.0,1076.33333333333,0.00441272606148445,1
2015-02-05 16:49:00,22.365,26.4725,447.0,1077.5,0.00442554885640755,1
2015-02-05 16:50:00,22.315,26.3425,438.0,1073.0,0.00439019256195137,1
2015-02-05 16:51:00,22.34,26.145,438.0,1068.0,0.00436372611266303,1
2015-02-05 16:52:00,22.29,26.1425,438.0,1061.75,0.00434995802715568,1
2015-02-05 16:53:00,22.29,25.7,441.0,1045.66666666667,0.0042758224818962715,1
2015-02-05 16:54:00,22.29,26.22,438.0,1041.5,0.00436294402493567,1
2015-02-05 16:55:00,22.29,26.2425,442.5,1051.0,0.004366714254182571,1
2015-02-05 16:56:00,22.29,26.125,438.0,1059.25,0.0043470257795977,1
2015-02-05 16:57:00,22.315,26.2,438.0,1065.0,0.00436627706397936,1
2015-02-05 16:58:00,22.29,26.175,442.5,1064.75,0.00435540370260293,1
2015-02-05 16:59:00,22.29,26.1,441.0,1054.66666666667,0.00434283690213977,1
2015-02-05 17:00:00,22.29,25.995,447.0,1042.5,0.00432524422863232,1
2015-02-05 17:01:00,22.2675,25.8925,438.0,1039.0,0.0043021347056831,1
2015-02-05 17:02:00,22.29,25.89,447.0,1036.33333333333,0.00430765254338066,1
2015-02-05 17:03:00,22.29,25.89,447.0,1036.5,0.00430765254338066,1
2015-02-05 17:04:00,22.29,25.856666666666694,433.0,1038.66666666667,0.00430206808804728,1
2015-02-05 17:05:00,22.245,25.7225,433.0,1030.5,0.00426780450390924,1
2015-02-05 17:06:00,22.23,25.6666666666667,433.0,1023.66666666667,0.00425456331564984,1
2015-02-05 17:07:00,22.29,25.6,433.0,1019.5,0.0042590711174276,1
2015-02-05 17:08:00,22.245,25.55,433.0,1010.0,0.004238988738564729,1
2015-02-05 17:09:00,22.2675,25.575,433.0,1002.75,0.00424902053262658,1
2015-02-05 17:10:00,22.29,25.5666666666667,433.0,1002.33333333333,0.00425348752840671,1
2015-02-05 17:11:00,22.2675,25.4975,433.0,998.75,0.0042360570235913785,1
2015-02-05 17:12:00,22.245,25.55,433.0,1002.0,0.004238988738564729,1
2015-02-05 17:13:00,22.29,25.5,433.0,1002.25,0.00424232064905198,1
2015-02-05 17:14:00,22.29,25.5,433.0,1001.5,0.00424232064905198,1
2015-02-05 17:15:00,22.29,25.445,433.0,998.5,0.00423310827337899,1
2015-02-05 17:16:00,22.29,25.2,433.0,990.75,0.00419207461976444,1
2015-02-05 17:17:00,22.29,25.23,433.0,991.0,0.00419709885985995,1
2015-02-05 17:18:00,22.245,25.15,433.0,986.0,0.00417217977515601,1
2015-02-05 17:19:00,22.29,25.2675,433.0,976.25,0.00420337927335767,1
2015-02-05 17:20:00,22.29,25.2,433.0,966.0,0.00419207461976444,1
2015-02-05 17:21:00,22.29,25.2,433.0,966.333333333333,0.00419207461976444,1
2015-02-05 17:22:00,22.29,25.15,433.0,967.5,0.00418370106543207,1
2015-02-05 17:23:00,22.29,25.03,433.0,970.0,0.00416360544870222,1
2015-02-05 17:24:00,22.2225,24.865,433.0,954.75,0.00411890295856365,1
2015-02-05 17:25:00,22.26,24.8266666666667,433.0,951.666666666667,0.0041219736123528,1
2015-02-05 17:26:00,22.245,24.89,433.0,940.75,0.00412876159251567,1
2015-02-05 17:27:00,22.245,24.89,433.0,935.5,0.00412876159251567,1
2015-02-05 17:28:00,22.2225,24.84,433.0,933.25,0.0041147342969363706,1
2015-02-05 17:29:00,22.2,24.7,433.0,937.666666666667,0.00408575176529873,1
2015-02-05 17:30:00,22.2,24.7,433.0,938.0,0.00408575176529873,1
2015-02-05 17:31:00,22.2,24.7,433.0,933.5,0.00408575176529873,1
2015-02-05 17:32:00,22.2,24.7,433.0,925.5,0.00408575176529873,1
2015-02-05 17:33:00,22.2,24.65,433.0,921.0,0.00407742679507162,1
2015-02-05 17:34:00,22.2,24.5666666666667,433.0,920.333333333333,0.00406355233666402,1
2015-02-05 17:35:00,22.2,24.55,433.0,912.25,0.00406077751877519,1
2015-02-05 17:36:00,22.2,24.334,429.5,913.0,0.0040248181038642795,1
2015-02-05 17:37:00,22.2,24.34,433.0,903.0,0.00402581692072147,1
2015-02-05 17:38:00,22.2,24.395,433.0,905.5,0.0040349728904295,1
2015-02-05 17:39:00,22.2,24.34,433.0,907.0,0.00402581692072147,1
2015-02-05 17:40:00,22.2,24.356666666666694,433.0,903.0,0.00402859142871451,1
2015-02-05 17:41:00,22.175,24.39,433.0,900.5,0.004027962494025161,1
2015-02-05 17:42:00,22.175,24.365,433.0,900.25,0.00402380708201175,1
2015-02-05 17:43:00,22.2,24.365,433.0,900.5,0.0040299786919333795,1
2015-02-05 17:44:00,22.1333333333333,24.29,433.0,898.666666666667,0.00400110568029615,1
2015-02-05 17:45:00,22.15,24.2225,433.0,892.0,0.003993995516993761,1
2015-02-05 17:46:00,22.1333333333333,24.2,433.0,886.0,0.00398618566110871,1
2015-02-05 17:47:00,22.1,24.2675,433.0,884.25,0.0039892114565585795,1
2015-02-05 17:48:00,22.1,24.245,433.0,887.0,0.00398548909616386,1
2015-02-05 17:49:00,22.1,24.29,433.0,884.0,0.00399293386122286,1
2015-02-05 17:50:00,22.125,24.2675,433.0,878.5,0.00399533319162209,1
2015-02-05 17:51:00,22.1333333333333,24.26,433.0,887.0,0.00399613226154318,1
2015-02-05 17:52:00,22.125,24.15,433.0,882.25,0.0039758646672312,1
2015-02-05 17:53:00,22.1,24.0725,433.0,879.25,0.00395695247045276,1
2015-02-05 17:54:00,22.1,23.996666666666695,433.0,866.0,0.00394440820707065,1
2015-02-05 17:55:00,22.1,24.12,433.0,866.0,0.00396481012230008,1
2015-02-05 17:56:00,22.0666666666667,23.926666666666694,433.0,863.0,0.003924795782164671,1
2015-02-05 17:57:00,22.025,23.945,433.0,853.25,0.00391779269090952,1
2015-02-05 17:58:00,22.0,23.926666666666694,433.0,858.0,0.00390877204643491,1
2015-02-05 17:59:00,22.0,23.89,433.0,852.5,0.00390274442392475,1
2015-02-05 18:00:00,22.0,23.89,433.0,850.666666666667,0.00390274442392475,1
2015-02-05 18:01:00,22.025,23.9175,433.0,847.0,0.0039132649342808285,1
2015-02-05 18:02:00,22.0,23.89,433.0,840.666666666667,0.00390274442392475,1
2015-02-05 18:03:00,22.075,23.9725,426.0,839.0,0.00393437247979718,1
2015-02-05 18:04:00,22.025,24.0475,213.0,845.5,0.00393466945182658,1
2015-02-05 18:05:00,22.0,24.1,0.0,844.0,0.003937267833615371,0
2015-02-05 18:06:00,22.0,24.1,0.0,846.666666666667,0.003937267833615371,0
2015-02-05 18:07:00,22.0,24.1,0.0,852.0,0.003937267833615371,0
2015-02-05 18:08:00,21.945,23.795,0.0,851.0,0.00387402519658295,0
2015-02-05 18:09:00,21.89,23.856666666666694,0.0,824.666666666667,0.0038710296489065103,0
2015-02-05 18:10:00,21.89,23.84,0.0,817.0,0.0038683084639510213,0
2015-02-05 18:11:00,21.84,23.745,0.0,813.666666666667,0.0038409808590766,0
2015-02-05 18:12:00,21.84,23.745,0.0,805.0,0.0038409808590766,0
2015-02-05 18:13:00,21.79,23.7,0.0,807.0,0.00382189406984404,0
2015-02-05 18:14:00,21.79,23.745,0.0,800.0,0.0038291955052637897,0
2015-02-05 18:15:00,21.79,23.7,0.0,781.0,0.00382189406984404,0
2015-02-05 18:16:00,21.745,23.55,0.0,776.5,0.00378706555977436,0
2015-02-05 18:17:00,21.7,23.7,0.0,771.0,0.00380080124740326,0
2015-02-05 18:18:00,21.7,23.6666666666667,0.0,775.0,0.00379542291602805,0
2015-02-05 18:19:00,21.7,23.6666666666667,0.0,771.0,0.00379542291602805,0
2015-02-05 18:20:00,21.7,23.39,0.0,763.0,0.00375078633331977,0
2015-02-05 18:21:00,21.7,23.55,0.0,755.0,0.0037765994842066,0
2015-02-05 18:22:00,21.6,23.6,0.0,754.0,0.00376144999584149,0
2015-02-05 18:23:00,21.7,23.6,0.0,755.0,0.0037846665306114,0
2015-02-05 18:24:00,21.6,23.393333333333306,0.0,754.666666666667,0.00372831330419356,0
2015-02-05 18:25:00,21.6,23.55,0.0,751.5,0.00375343273247922,0
2015-02-05 18:26:00,21.6,23.5,0.0,748.5,0.003745415674548871,0
2015-02-05 18:27:00,21.55,23.5,0.0,745.5,0.00373390411283325,0
2015-02-05 18:28:00,21.55,23.445,0.0,749.0,0.0037251128515292295,0
2015-02-05 18:29:00,21.5666666666667,23.5,0.0,746.666666666667,0.0037377378314401295,0
2015-02-05 18:30:00,21.55,23.5,0.0,738.5,0.00373390411283325,0
2015-02-05 18:31:00,21.5,23.35,0.0,732.5,0.00369852230282477,0
2015-02-05 18:32:00,21.5,23.26,0.0,725.5,0.0036841823191253705,0
2015-02-05 18:33:00,21.5,23.245,0.0,711.666666666667,0.00368179238574585,0
2015-02-05 18:34:00,21.5,23.23,0.0,705.666666666667,0.0036794024706239695,0
2015-02-05 18:35:00,21.5,23.05,0.0,702.5,0.0036507249131815696,0
2015-02-05 18:36:00,21.39,23.05,0.0,702.5,0.0036260646782363295,0
2015-02-05 18:37:00,21.39,22.945,0.0,698.5,0.0036094509603357603,0
2015-02-05 18:38:00,21.39,22.79,0.0,698.0,0.00358492756080275,0
2015-02-05 18:39:00,21.39,22.695,0.0,677.5,0.0035698980403930103,0
2015-02-05 18:40:00,21.34,22.55,0.0,672.0,0.00353604389078825,0
2015-02-05 18:41:00,21.29,22.6,0.0,666.5,0.0035330184567504298,0
2015-02-05 18:42:00,21.323333333333302,22.533333333333307,0.0,664.333333333333,0.0035297862742265204,0
2015-02-05 18:43:00,21.34,22.395,0.0,660.5,0.00351160126925951,0
2015-02-05 18:44:00,21.34,22.395,0.0,654.0,0.00351160126925951,0
2015-02-05 18:45:00,21.29,21.945,0.0,650.0,0.0034300587890053803,0
2015-02-05 18:46:00,21.29,21.85,0.0,635.5,0.0034151285217599104,0
2015-02-05 18:47:00,21.245,21.745,0.0,634.0,0.00338920785984853,0
2015-02-05 18:48:00,21.2,21.745,0.0,631.5,0.00337981124215862,0
2015-02-05 18:49:00,21.2,21.995,0.0,631.0,0.0034188821630154803,0
2015-02-05 18:50:00,21.245,22.1,0.0,637.5,0.00344484512558914,0
2015-02-05 18:51:00,21.29,22.1,0.0,640.0,0.00345442022913307,0
2015-02-05 18:52:00,21.29,21.8633333333333,0.0,638.666666666667,0.00341722395486199,0
2015-02-05 18:53:00,21.29,21.5,0.0,628.0,0.00336012842435259,0
2015-02-05 18:54:00,21.29,21.34,0.0,617.0,0.0033349887444552107,0
2015-02-05 18:55:00,21.2,21.1666666666667,0.0,612.333333333333,0.00328944588440249,0
2015-02-05 18:56:00,21.2,21.5666666666667,0.0,609.0,0.00335194363493422,0
2015-02-05 18:57:00,21.2,21.6,0.0,616.0,0.0033571523447508893,0
2015-02-05 18:58:00,21.2,21.55,0.0,614.0,0.00334933931256394,0
2015-02-05 18:59:00,21.2,21.445,0.0,613.5,0.00333293258042035,0
2015-02-05 19:00:00,21.2,21.195,0.0,611.5,0.00329387239730685,0
2015-02-05 19:01:00,21.2,21.2,0.0,600.0,0.00329465355314865,0
2015-02-05 19:02:00,21.2,21.356666666666698,0.0,599.0,0.0033191307582266607,0
2015-02-05 19:03:00,21.2,21.0666666666667,0.0,592.666666666667,0.00327382339860608,0
2015-02-05 19:04:00,21.2,21.23,0.0,593.0,0.00329934052918621,0
2015-02-05 19:05:00,21.2,21.2,0.0,586.0,0.00329465355314865,0
2015-02-05 19:06:00,21.2,21.2,0.0,585.0,0.00329465355314865,0
2015-02-05 19:07:00,21.29,21.1,0.0,592.5,0.00329728301421794,0
2015-02-05 19:08:00,21.29,21.1,0.0,593.0,0.00329728301421794,0
2015-02-05 19:09:00,21.29,20.89,0.0,583.0,0.0032642942300848197,0
2015-02-05 19:10:00,21.29,20.65,0.0,579.333333333333,0.00322659702442179,0
2015-02-05 19:11:00,21.29,20.89,0.0,578.0,0.0032642942300848197,0
2015-02-05 19:12:00,21.29,20.7475,0.0,570.5,0.0032419109659929893,0
2015-02-05 19:13:00,21.29,20.795,0.0,571.0,0.0032493718759597,0
2015-02-05 19:14:00,21.29,20.65,0.0,571.0,0.00322659702442179,0
2015-02-05 19:15:00,21.245,20.79,0.0,563.5,0.0032395848985710693,0
2015-02-05 19:16:00,21.2,20.495,0.0,560.5,0.00318452983970222,0
2015-02-05 19:17:00,21.2,20.393333333333302,0.0,556.0,0.00316865231514498,0
2015-02-05 19:18:00,21.2,20.3225,0.0,550.25,0.0031575905820840893,0
2015-02-05 19:19:00,21.2,20.1225,0.0,544.5,0.0031263595663672,0
2015-02-05 19:20:00,21.2,20.2266666666667,0.0,547.666666666667,0.00314262533100127,0
2015-02-05 19:21:00,21.2,20.0,0.0,545.0,0.00310723211014337,0
2015-02-05 19:22:00,21.1,20.2,0.0,536.0,0.0031191546114142893,0
2015-02-05 19:23:00,21.1,20.1,0.0,538.0,0.00310363620313794,0
2015-02-05 19:24:00,21.1,20.195,0.0,539.5,0.00311837867270114,0
2015-02-05 19:25:00,21.1,20.245,0.0,542.5,0.0031261381465169,0
2015-02-05 19:26:00,21.15,20.245,0.0,539.0,0.0031358000316814892,0
2015-02-05 19:27:00,21.1,20.033333333333303,0.0,532.333333333333,0.00309329102565789,0
2015-02-05 19:28:00,21.15,20.0,0.0,534.0,0.00309766236194505,0
2015-02-05 19:29:00,21.15,20.0,0.0,538.5,0.00309766236194505,0
2015-02-05 19:30:00,21.2,19.963333333333303,0.0,538.0,0.0031015071127626108,0
2015-02-05 19:31:00,21.2,19.995,0.0,539.5,0.00310645142250747,0
2015-02-05 19:32:00,21.2,19.895,0.0,531.0,0.00309083807927498,0
2015-02-05 19:33:00,21.2,20.0,0.0,526.5,0.00310723211014337,0
2015-02-05 19:34:00,21.2,19.963333333333303,0.0,522.0,0.0031015071127626108,0
2015-02-05 19:35:00,21.2,19.895,0.0,526.0,0.00309083807927498,0
2015-02-05 19:36:00,21.2,19.945,0.0,522.666666666667,0.00309864465339602,0
2015-02-05 19:37:00,21.2,19.84,0.0,525.333333333333,0.0030822510729470397,0
2015-02-05 19:38:00,21.2,19.79,0.0,516.333333333333,0.0030744449082821,0
2015-02-05 19:39:00,21.15,19.65,0.0,520.0,0.00304318804800837,0
2015-02-05 19:40:00,21.1,19.795,0.0,515.5,0.0030563098162136896,0
2015-02-05 19:41:00,21.1,19.79,0.0,513.5,0.00305553403350672,0
2015-02-05 19:42:00,21.1,19.79,0.0,517.0,0.00305553403350672,0
2015-02-05 19:43:00,21.1,19.79,0.0,517.0,0.00305553403350672,0
2015-02-05 19:44:00,21.175,19.79,0.0,514.75,0.00306970755834064,0
2015-02-05 19:45:00,21.2,19.63,0.0,510.0,0.00304946649150167,0
2015-02-05 19:46:00,21.1,19.29,0.0,503.5,0.00297796548644197,0
2015-02-05 19:47:00,21.1,19.39,0.0,502.0,0.0029934776556324,0
2015-02-05 19:48:00,21.1,19.65,0.0,498.5,0.0030338128995229603,0
2015-02-05 19:49:00,21.075,19.65,0.0,498.5,0.00302913486470159,0
2015-02-05 19:50:00,21.05,19.6,0.0,502.5,0.00301673001937995,0
2015-02-05 19:51:00,21.1,19.7,0.0,505.0,0.00304157027407045,0
2015-02-05 19:52:00,21.15,19.55,0.0,506.5,0.00302762570213065,0
2015-02-05 19:53:00,21.15,19.445,0.0,500.0,0.0030112860729703,0
2015-02-05 19:54:00,21.2,19.6,0.0,496.0,0.00304478326059916,0
2015-02-05 19:55:00,21.175,19.4425,0.0,499.25,0.0030155440918156608,0
2015-02-05 19:56:00,21.1666666666667,19.496666666666695,0.0,497.666666666667,0.00302243214481241,0
2015-02-05 19:57:00,21.15,19.55,0.0,497.0,0.00302762570213065,0
2015-02-05 19:58:00,21.1,19.5,0.0,498.0,0.00301054193115634,0
2015-02-05 19:59:00,21.2,19.39,0.0,495.0,0.00301200260918866,0
2015-02-05 20:00:00,21.2,19.34,0.0,491.5,0.0030041981989707,0
2015-02-05 20:01:00,21.15,19.395,0.0,491.0,0.00300350559744339,0
2015-02-05 20:02:00,21.1666666666667,19.5,0.0,493.0,0.00302295139961112,0
2015-02-05 20:03:00,21.1,19.5,0.0,489.0,0.00301054193115634,0
2015-02-05 20:04:00,21.2,19.445,0.0,485.5,0.00302058768554898,0
2015-02-05 20:05:00,21.2,19.39,0.0,488.5,0.00301200260918866,0
2015-02-05 20:06:00,21.2,19.39,0.0,486.0,0.00301200260918866,0
2015-02-05 20:07:00,21.2,19.445,0.0,488.5,0.00302058768554898,0
2015-02-05 20:08:00,21.2,19.29,0.0,490.0,0.00299639398365479,0
2015-02-05 20:09:00,21.2,19.39,0.0,491.0,0.00301200260918866,0
2015-02-05 20:10:00,21.2,19.245,0.0,487.0,0.00298937035650568,0
2015-02-05 20:11:00,21.2,19.34,0.0,485.5,0.0030041981989707,0
2015-02-05 20:12:00,21.2,19.29,0.0,484.5,0.00299639398365479,0
2015-02-05 20:13:00,21.2,19.29,0.0,491.0,0.00299639398365479,0
2015-02-05 20:14:00,21.2,19.29,0.0,485.0,0.00299639398365479,0
2015-02-05 20:15:00,21.2,19.29,0.0,484.5,0.00299639398365479,0
2015-02-05 20:16:00,21.2,19.29,0.0,482.0,0.00299639398365479,0
2015-02-05 20:17:00,21.2,19.315,0.0,491.25,0.00300029606695045,0
2015-02-05 20:18:00,21.2,19.34,0.0,486.5,0.0030041981989707,0
2015-02-05 20:19:00,21.2,19.39,0.0,481.0,0.00301200260918866,0
2015-02-05 20:20:00,21.2,19.39,0.0,480.0,0.00301200260918866,0
2015-02-05 20:21:00,21.2,19.34,0.0,483.5,0.0030041981989707,0
2015-02-05 20:22:00,21.2,19.39,0.0,481.333333333333,0.00301200260918866,0
2015-02-05 20:23:00,21.2,19.39,0.0,484.333333333333,0.00301200260918866,0
2015-02-05 20:24:00,21.2,19.39,0.0,479.666666666667,0.00301200260918866,0
2015-02-05 20:25:00,21.2,19.39,0.0,479.0,0.00301200260918866,0
2015-02-05 20:26:00,21.2,19.39,0.0,477.5,0.00301200260918866,0
2015-02-05 20:27:00,21.2,19.39,0.0,483.0,0.00301200260918866,0
2015-02-05 20:28:00,21.15,19.39,0.0,482.0,0.00300272756054479,0
2015-02-05 20:29:00,21.2,19.39,0.0,483.25,0.00301200260918866,0
2015-02-05 20:30:00,21.2,19.39,0.0,477.0,0.00301200260918866,0
2015-02-05 20:31:00,21.2,19.356666666666698,0.0,479.0,0.0030067996473872103,0
2015-02-05 20:32:00,21.2,19.39,0.0,482.5,0.00301200260918866,0
2015-02-05 20:33:00,21.2,19.39,0.0,474.0,0.00301200260918866,0
2015-02-05 20:34:00,21.2,19.39,0.0,473.0,0.00301200260918866,0
2015-02-05 20:35:00,21.2,19.39,0.0,472.0,0.00301200260918866,0
2015-02-05 20:36:00,21.2,19.39,0.0,472.5,0.00301200260918866,0
2015-02-05 20:37:00,21.2,19.445,0.0,475.0,0.00302058768554898,0
2015-02-05 20:38:00,21.2,19.39,0.0,475.0,0.00301200260918866,0
2015-02-05 20:39:00,21.2,19.445,0.0,477.5,0.00302058768554898,0
2015-02-05 20:40:00,21.15,19.5,0.0,474.0,0.00301984481979203,0
2015-02-05 20:41:00,21.1666666666667,19.5,0.0,474.666666666667,0.00302295139961112,0
2015-02-05 20:42:00,21.1,19.5,0.0,470.5,0.00301054193115634,0
2015-02-05 20:43:00,21.1,19.5,0.0,474.333333333333,0.00301054193115634,0
2015-02-05 20:44:00,21.1,19.5,0.0,483.0,0.00301054193115634,0
2015-02-05 20:45:00,21.1,19.6,0.0,484.0,0.00302605571752623,0
2015-02-05 20:46:00,21.033333333333303,19.533333333333303,0.0,479.333333333333,0.0030033271527766608,0
2015-02-05 20:47:00,21.0,19.6,0.0,479.5,0.0030074296246800198,0
2015-02-05 20:48:00,21.0,19.6,0.0,473.0,0.0030074296246800198,0
2015-02-05 20:49:00,21.0,19.6,0.0,470.0,0.0030074296246800198,0
2015-02-05 20:50:00,21.0,19.6,0.0,464.0,0.0030074296246800198,0
2015-02-05 20:51:00,21.0,19.7,0.0,463.5,0.0030228482235861893,0
2015-02-05 20:52:00,21.0,19.7,0.0,467.5,0.0030228482235861893,0
2015-02-05 20:53:00,21.0,19.7,0.0,476.0,0.0030228482235861893,0
2015-02-05 20:54:00,21.0,19.76,0.0,474.0,0.00303209974808914,0
2015-02-05 20:55:00,21.0,19.79,0.0,471.0,0.00303672561304647,0
2015-02-05 20:56:00,21.0,19.79,0.0,472.0,0.00303672561304647,0
2015-02-05 20:57:00,21.0,19.79,0.0,472.0,0.00303672561304647,0
2015-02-05 20:58:00,21.0,19.79,0.0,474.25,0.00303672561304647,0
2015-02-05 20:59:00,20.9725,19.79,0.0,473.0,0.00303157119548328,0
2015-02-05 21:00:00,21.0,19.79,0.0,469.0,0.00303672561304647,0
2015-02-05 21:01:00,20.963333333333303,19.79,0.0,472.666666666667,0.00302985476836808,0
2015-02-05 21:02:00,21.0,19.79,0.0,473.0,0.00303672561304647,0
2015-02-05 21:03:00,20.89,19.79,0.0,471.5,0.00301615411603875,0
2015-02-05 21:04:00,20.963333333333303,19.79,0.0,471.333333333333,0.00302985476836808,0
2015-02-05 21:05:00,21.0,19.79,0.0,469.0,0.00303672561304647,0
2015-02-05 21:06:00,20.89,19.89,0.0,471.0,0.00303146919477111,0
2015-02-05 21:07:00,20.89,19.84,0.0,470.0,0.00302381156158785,0
2015-02-05 21:08:00,20.89,19.89,0.0,469.5,0.00303146919477111,0
2015-02-05 21:09:00,20.89,19.89,0.0,464.0,0.00303146919477111,0
2015-02-05 21:10:00,20.89,19.89,0.0,467.0,0.00303146919477111,0
2015-02-05 21:11:00,20.89,19.926666666666698,0.0,472.0,0.0030370849116947607,0
2015-02-05 21:12:00,20.89,19.945,0.0,469.5,0.0030398928079983893,0
2015-02-05 21:13:00,20.89,20.0,0.0,470.5,0.00304831664828052,0
2015-02-05 21:14:00,20.89,20.0,0.0,470.0,0.00304831664828052,0
2015-02-05 21:15:00,20.89,20.0,0.0,469.0,0.00304831664828052,0
2015-02-05 21:16:00,20.89,20.0,0.0,468.5,0.00304831664828052,0
2015-02-05 21:17:00,20.89,20.0,0.0,467.333333333333,0.00304831664828052,0
2015-02-05 21:18:00,20.89,20.0,0.0,467.0,0.00304831664828052,0
2015-02-05 21:19:00,20.89,20.0,0.0,464.0,0.00304831664828052,0
2015-02-05 21:20:00,20.89,20.0,0.0,462.0,0.00304831664828052,0
2015-02-05 21:21:00,20.89,20.0,0.0,466.0,0.00304831664828052,0
2015-02-05 21:22:00,20.89,20.0,0.0,465.5,0.00304831664828052,0
2015-02-05 21:23:00,20.79,20.0,0.0,464.0,0.0030295225859519,0
2015-02-05 21:24:00,20.89,20.0,0.0,469.666666666667,0.00304831664828052,0
2015-02-05 21:25:00,20.89,20.1,0.0,469.5,0.0030636333032614893,0
2015-02-05 21:26:00,20.89,20.1,0.0,472.0,0.0030636333032614893,0
2015-02-05 21:27:00,20.89,20.1,0.0,464.5,0.0030636333032614893,0
2015-02-05 21:28:00,20.89,20.1,0.0,467.0,0.0030636333032614893,0
2015-02-05 21:29:00,20.89,20.1,0.0,467.0,0.0030636333032614893,0
2015-02-05 21:30:00,20.89,20.1,0.0,462.0,0.0030636333032614893,0
2015-02-05 21:31:00,20.89,20.15,0.0,464.5,0.00307129191225357,0
2015-02-05 21:32:00,20.79,20.05,0.0,460.0,0.0030371333741858893,0
2015-02-05 21:33:00,20.89,20.2,0.0,457.0,0.00307895070892257,0
2015-02-05 21:34:00,20.79,20.1,0.0,461.0,0.0030447443477704893,0
2015-02-05 21:35:00,20.79,20.1,0.0,462.0,0.0030447443477704893,0
2015-02-05 21:36:00,20.79,20.15,0.0,463.5,0.0030523555067124802,0
2015-02-05 21:37:00,20.79,20.2,0.0,461.5,0.00305996685101862,0
2015-02-05 21:38:00,20.79,20.2,0.0,461.5,0.00305996685101862,0
2015-02-05 21:39:00,20.79,20.2,0.0,458.0,0.00305996685101862,0
2015-02-05 21:40:00,20.79,20.2,0.0,460.0,0.00305996685101862,0
2015-02-05 21:41:00,20.79,20.245,0.0,460.0,0.00306681721938609,0
2015-02-05 21:42:00,20.79,20.29,0.0,460.5,0.00307366773790896,0
2015-02-05 21:43:00,20.745,20.29,0.0,460.0,0.0030651203870119,0
2015-02-05 21:44:00,20.79,20.29,0.0,457.0,0.00307366773790896,0
2015-02-05 21:45:00,20.745,20.34,0.0,460.5,0.0030727109790138303,0
2015-02-05 21:46:00,20.7,20.39,0.0,461.0,0.00307173289826042,0
2015-02-05 21:47:00,20.745,20.39,0.0,458.5,0.00308030175537347,0
2015-02-05 21:48:00,20.7,20.39,0.0,461.333333333333,0.00307173289826042,0
2015-02-05 21:49:00,20.7,20.39,0.0,457.5,0.00307173289826042,0
2015-02-05 21:50:00,20.7,20.39,0.0,455.0,0.00307173289826042,0
2015-02-05 21:51:00,20.7,20.445,0.0,461.5,0.00308005962232409,0
2015-02-05 21:52:00,20.7,20.445,0.0,461.0,0.00308005962232409,0
2015-02-05 21:53:00,20.7,20.5,0.0,460.5,0.0030883865682351107,0
2015-02-05 21:54:00,20.7,20.5,0.0,461.0,0.0030883865682351107,0
2015-02-05 21:55:00,20.7,20.55,0.0,459.5,0.00309595671158295,0
2015-02-05 21:56:00,20.7,20.6,0.0,463.0,0.00310352703828971,0
2015-02-05 21:57:00,20.7,20.6,0.0,463.5,0.00310352703828971,0
2015-02-05 21:58:00,20.7,20.6,0.0,463.0,0.00310352703828971,0
2015-02-05 21:59:00,20.7,20.6,0.0,464.0,0.00310352703828971,0
2015-02-05 22:00:00,20.7,20.6,0.0,462.5,0.00310352703828971,0
2015-02-05 22:01:00,20.7,20.6,0.0,457.666666666667,0.00310352703828971,0
2015-02-05 22:02:00,20.6333333333333,20.6333333333333,0.0,460.0,0.00309576545382003,0
2015-02-05 22:03:00,20.7,20.7,0.0,460.0,0.00311866824180661,0
2015-02-05 22:04:00,20.65,20.65,0.0,458.5,0.00310147891526391,0
2015-02-05 22:05:00,20.6,20.6,0.0,461.0,0.00308436294447443,0
2015-02-05 22:06:00,20.65,20.65,0.0,460.0,0.00310147891526391,0
2015-02-05 22:07:00,20.6,20.6,0.0,454.0,0.00308436294447443,0
2015-02-05 22:08:00,20.6,20.7,0.0,451.333333333333,0.00309941018839007,0
2015-02-05 22:09:00,20.6,20.7,0.0,457.0,0.00309941018839007,0
2015-02-05 22:10:00,20.6,20.7,0.0,454.5,0.00309941018839007,0
2015-02-05 22:11:00,20.6,20.7,0.0,460.0,0.00309941018839007,0
2015-02-05 22:12:00,20.6,20.745,0.0,458.5,0.00310618168450477,0
2015-02-05 22:13:00,20.6,20.745,0.0,453.5,0.00310618168450477,0
2015-02-05 22:14:00,20.6,20.79,0.0,457.0,0.0031129533273278396,0
2015-02-05 22:15:00,20.55,20.79,0.0,450.5,0.0031033215158322107,0
2015-02-05 22:16:00,20.6,20.79,0.0,454.5,0.0031129533273278396,0
2015-02-05 22:17:00,20.6,20.79,0.0,463.0,0.0031129533273278396,0
2015-02-05 22:18:00,20.6,20.79,0.0,459.0,0.0031129533273278396,0
2015-02-05 22:19:00,20.6,20.84,0.0,452.5,0.00312047754698019,0
2015-02-05 22:20:00,20.6,20.89,0.0,451.0,0.00312800194776641,0
2015-02-05 22:21:00,20.55,20.89,0.0,446.0,0.00311832334195416,0
2015-02-05 22:22:00,20.6,20.84,0.0,449.5,0.00312047754698019,0
2015-02-05 22:23:00,20.55,20.89,0.0,449.5,0.00311832334195416,0
2015-02-05 22:24:00,20.6,20.89,0.0,450.0,0.00312800194776641,0
2015-02-05 22:25:00,20.6,20.89,0.0,453.5,0.00312800194776641,0
2015-02-05 22:26:00,20.6,20.89,0.0,458.5,0.00312800194776641,0
2015-02-05 22:27:00,20.575,20.9175,0.0,459.5,0.0031272914019966802,0
2015-02-05 22:28:00,20.6,20.89,0.0,457.0,0.00312800194776641,0
2015-02-05 22:29:00,20.5,20.945,0.0,458.0,0.00311689676029087,0
2015-02-05 22:30:00,20.5,21.0,0.0,453.0,0.0031251226202272803,0
2015-02-05 22:31:00,20.55,21.0,0.0,450.5,0.00313482618237526,0
2015-02-05 22:32:00,20.6,21.0,0.0,455.0,0.0031445562671195307,0
2015-02-05 22:33:00,20.55,21.0,0.0,453.0,0.00313482618237526,0
2015-02-05 22:34:00,20.55,21.0,0.0,454.5,0.00313482618237526,0
2015-02-05 22:35:00,20.5,21.0,0.0,455.0,0.0031251226202272803,0
2015-02-05 22:36:00,20.6,21.0,0.0,452.0,0.0031445562671195307,0
2015-02-05 22:37:00,20.5666666666667,21.033333333333303,0.0,456.0,0.0031430728221557604,0
2015-02-05 22:38:00,20.55,21.05,0.0,454.0,0.00314232776152385,0
2015-02-05 22:39:00,20.5,21.1,0.0,453.0,0.00314007928385138,0
2015-02-05 22:40:00,20.55,21.1,0.0,460.5,0.00314982952071157,0
2015-02-05 22:41:00,20.6,21.1,0.0,455.0,0.00315960640919795,0
2015-02-05 22:42:00,20.5,21.1,0.0,452.0,0.00314007928385138,0
2015-02-05 22:43:00,20.55,21.1,0.0,453.0,0.00314982952071157,0
2015-02-05 22:44:00,20.55,21.1,0.0,454.0,0.00314982952071157,0
2015-02-05 22:45:00,20.5,21.1,0.0,454.5,0.00314007928385138,0
2015-02-05 22:46:00,20.5,21.1,0.0,455.0,0.00314007928385138,0
2015-02-05 22:47:00,20.5,21.1,0.0,454.0,0.00314007928385138,0
2015-02-05 22:48:00,20.55,21.1,0.0,454.0,0.00314982952071157,0
2015-02-05 22:49:00,20.5,21.1,0.0,447.0,0.00314007928385138,0
2015-02-05 22:50:00,20.5,21.1,0.0,454.0,0.00314007928385138,0
2015-02-05 22:51:00,20.533333333333303,21.2,0.0,455.666666666667,0.00316156496802361,0
2015-02-05 22:52:00,20.5,21.2,0.0,456.0,0.00315503666319505,0
2015-02-05 22:53:00,20.5,21.2,0.0,453.0,0.00315503666319505,0
2015-02-05 22:54:00,20.5,21.2,0.0,452.0,0.00315503666319505,0
2015-02-05 22:55:00,20.5,21.2,0.0,446.0,0.00315503666319505,0
2015-02-05 22:56:00,20.5,21.2,0.0,452.333333333333,0.00315503666319505,0
2015-02-05 22:57:00,20.5,21.245,0.0,451.0,0.00316176771741689,0
2015-02-05 22:58:00,20.5,21.2,0.0,449.0,0.00315503666319505,0
2015-02-05 22:59:00,20.5,21.2,0.0,447.0,0.00315503666319505,0
2015-02-05 23:00:00,20.5,21.245,0.0,450.0,0.00316176771741689,0
2015-02-05 23:01:00,20.5,21.29,0.0,449.0,0.00316849891658704,0
2015-02-05 23:02:00,20.5,21.26,0.0,448.333333333333,0.0031640114343680107,0
2015-02-05 23:03:00,20.5,21.2675,0.0,443.75,0.0031651332988831397,0
2015-02-05 23:04:00,20.5,21.29,0.0,442.5,0.00316849891658704,0
2015-02-05 23:05:00,20.5,21.29,0.0,444.5,0.00316849891658704,0
2015-02-05 23:06:00,20.5,21.29,0.0,446.25,0.00316849891658704,0
2015-02-05 23:07:00,20.5,21.29,0.0,448.0,0.00316849891658704,0
2015-02-05 23:08:00,20.5,21.29,0.0,451.0,0.00316849891658704,0
2015-02-05 23:09:00,20.5,21.29,0.0,452.333333333333,0.00316849891658704,0
2015-02-05 23:10:00,20.5,21.29,0.0,447.0,0.00316849891658704,0
2015-02-05 23:11:00,20.445,21.29,0.0,446.5,0.00315770708296947,0
2015-02-05 23:12:00,20.5,21.29,0.0,442.0,0.00316849891658704,0
2015-02-05 23:13:00,20.5,21.29,0.0,452.0,0.00316849891658704,0
2015-02-05 23:14:00,20.39,21.29,0.0,450.0,0.00314694763447223,0
2015-02-05 23:15:00,20.445,21.29,0.0,443.5,0.00315770708296947,0
2015-02-05 23:16:00,20.39,21.29,0.0,443.0,0.00314694763447223,0
2015-02-05 23:17:00,20.426666666666698,21.29,0.0,450.0,0.00315411700592178,0
2015-02-05 23:18:00,20.39,21.29,0.0,445.666666666667,0.00314694763447223,0
2015-02-05 23:19:00,20.39,21.29,0.0,443.666666666667,0.00314694763447223,0
2015-02-05 23:20:00,20.39,21.29,0.0,445.333333333333,0.00314694763447223,0
2015-02-05 23:21:00,20.39,21.29,0.0,449.0,0.00314694763447223,0
2015-02-05 23:22:00,20.39,21.29,0.0,444.5,0.00314694763447223,0
2015-02-05 23:23:00,20.39,21.29,0.0,445.5,0.00314694763447223,0
2015-02-05 23:24:00,20.39,21.29,0.0,447.0,0.00314694763447223,0
2015-02-05 23:25:00,20.39,21.29,0.0,446.5,0.00314694763447223,0
2015-02-05 23:26:00,20.39,21.29,0.0,451.0,0.00314694763447223,0
2015-02-05 23:27:00,20.39,21.29,0.0,448.0,0.00314694763447223,0
2015-02-05 23:28:00,20.39,21.29,0.0,450.0,0.00314694763447223,0
2015-02-05 23:29:00,20.39,21.29,0.0,442.666666666667,0.00314694763447223,0
2015-02-05 23:30:00,20.39,21.29,0.0,445.0,0.00314694763447223,0
2015-02-05 23:31:00,20.39,21.29,0.0,444.5,0.00314694763447223,0
2015-02-05 23:32:00,20.356666666666698,21.29,0.0,441.666666666667,0.00314044248260255,0
2015-02-05 23:33:00,20.356666666666698,21.29,0.0,442.333333333333,0.00314044248260255,0
2015-02-05 23:34:00,20.39,21.29,0.0,441.0,0.00314694763447223,0
2015-02-05 23:35:00,20.29,21.29,0.0,440.5,0.00312746769855435,0
2015-02-05 23:36:00,20.39,21.29,0.0,447.0,0.00314694763447223,0
2015-02-05 23:37:00,20.34,21.29,0.0,439.5,0.00313719435010793,0
2015-02-05 23:38:00,20.29,21.29,0.0,444.0,0.00312746769855435,0
2015-02-05 23:39:00,20.29,21.29,0.0,445.5,0.00312746769855435,0
2015-02-05 23:40:00,20.29,21.29,0.0,446.666666666667,0.00312746769855435,0
2015-02-05 23:41:00,20.323333333333302,21.29,0.0,444.333333333333,0.0031339491768134107,0
2015-02-05 23:42:00,20.29,21.29,0.0,446.5,0.00312746769855435,0
2015-02-05 23:43:00,20.323333333333302,21.29,0.0,449.333333333333,0.0031339491768134107,0
2015-02-05 23:44:00,20.29,21.29,0.0,445.0,0.00312746769855435,0
2015-02-05 23:45:00,20.29,21.29,0.0,447.0,0.00312746769855435,0
2015-02-05 23:46:00,20.29,21.29,0.0,443.5,0.00312746769855435,0
2015-02-05 23:47:00,20.29,21.29,0.0,447.0,0.00312746769855435,0
2015-02-05 23:48:00,20.29,21.29,0.0,445.0,0.00312746769855435,0
2015-02-05 23:49:00,20.29,21.29,0.0,443.0,0.00312746769855435,0
2015-02-05 23:50:00,20.29,21.29,0.0,446.0,0.00312746769855435,0
2015-02-05 23:51:00,20.245,21.245,0.0,438.0,0.00311211147465291,0
2015-02-05 23:52:00,20.29,21.29,0.0,435.333333333333,0.00312746769855435,0
2015-02-05 23:53:00,20.29,21.29,0.0,443.0,0.00312746769855435,0
2015-02-05 23:54:00,20.29,21.29,0.0,441.0,0.00312746769855435,0
2015-02-05 23:55:00,20.29,21.29,0.0,439.5,0.00312746769855435,0
2015-02-05 23:56:00,20.2225,21.2225,0.0,445.0,0.00310445542556718,0
2015-02-05 23:57:00,20.2,21.2,0.0,442.5,0.0030968140539317,0
2015-02-05 23:58:00,20.2,21.2,0.0,443.5,0.0030968140539317,0
2015-02-05 23:59:00,20.2,21.2,0.0,444.0,0.0030968140539317,0
